bar,dir,trigger,outcome
2024-07-12 09:15:00,BULLISH,DailyReEntry,FAIL:no_price sell=MISS buy=MISS exp=2024-10-03
2024-07-15 09:15:00,BULLISH,DailyReEntry,FAIL:no_price sell=MISS buy=MISS exp=2024-10-03
2024-07-16 09:15:00,BULLISH,DailyReEntry,FAIL:no_price sell=MISS buy=MISS exp=2024-10-03
2024-07-16 14:30:00,BEARISH,PendingFlip,FAIL:no_price sell=MISS buy=MISS exp=2024-10-03
2024-07-18 09:15:00,BEARISH,DailyReEntry,FAIL:no_price sell=MISS buy=MISS exp=2024-10-03
2024-07-18 09:45:00,BULLISH,PendingFlip,FAIL:no_price sell=MISS buy=MISS exp=2024-10-03
2024-07-18 11:00:00,BEARISH,PendingFlip,FAIL:no_price sell=MISS buy=MISS exp=2024-10-03
2024-07-18 12:10:00,BULLISH,PendingFlip,FAIL:no_price sell=MISS buy=MISS exp=2024-10-03
2024-07-19 09:15:00,BULLISH,DailyReEntry,FAIL:no_price sell=MISS buy=MISS exp=2024-10-03
2024-07-19 09:45:00,BEARISH,PendingFlip,FAIL:no_price sell=MISS buy=MISS exp=2024-10-03
2024-07-22 09:15:00,BEARISH,DailyReEntry,FAIL:no_price sell=MISS buy=MISS exp=2024-10-03
2024-07-22 09:45:00,BULLISH,PendingFlip,FAIL:no_price sell=MISS buy=MISS exp=2024-10-03
2024-07-22 12:25:00,BEARISH,PendingFlip,FAIL:no_price sell=MISS buy=MISS exp=2024-10-03
2024-07-23 09:15:00,BEARISH,DailyReEntry,FAIL:no_price sell=MISS buy=MISS exp=2024-10-03
2024-07-23 11:05:00,BULLISH,PendingFlip,FAIL:no_price sell=MISS buy=MISS exp=2024-10-03
2024-07-23 12:00:00,BEARISH,PendingFlip,FAIL:no_price sell=MISS buy=MISS exp=2024-10-03
2024-07-23 12:40:00,BULLISH,PendingFlip,FAIL:no_price sell=MISS buy=MISS exp=2024-10-03
2024-07-24 09:15:00,BULLISH,DailyReEntry,FAIL:no_price sell=MISS buy=MISS exp=2024-10-03
2024-07-24 09:45:00,BEARISH,PendingFlip,FAIL:no_price sell=MISS buy=MISS exp=2024-10-03
2024-07-25 09:15:00,BEARISH,DailyReEntry,FAIL:no_price sell=MISS buy=MISS exp=2024-10-03
2024-07-25 12:15:00,BULLISH,PendingFlip,FAIL:no_price sell=MISS buy=MISS exp=2024-10-03
2024-07-26 09:15:00,BULLISH,DailyReEntry,FAIL:no_price sell=MISS buy=MISS exp=2024-10-03
2024-07-29 09:15:00,BULLISH,DailyReEntry,FAIL:no_price sell=MISS buy=MISS exp=2024-10-03
2024-07-29 12:10:00,BEARISH,PendingFlip,FAIL:no_price sell=MISS buy=MISS exp=2024-10-03
2024-07-30 09:15:00,BEARISH,DailyReEntry,FAIL:no_price sell=MISS buy=MISS exp=2024-10-03
2024-07-30 09:40:00,BULLISH,PendingFlip,FAIL:no_price sell=MISS buy=MISS exp=2024-10-03
2024-07-30 09:45:00,BULLISH,PendingFlip,FAIL:no_price sell=MISS buy=MISS exp=2024-10-03
2024-07-30 15:00:00,BEARISH,PendingFlip,FAIL:no_price sell=MISS buy=MISS exp=2024-10-03
2024-07-31 09:15:00,BEARISH,DailyReEntry,FAIL:no_price sell=MISS buy=MISS exp=2024-10-03
2024-07-31 09:25:00,BULLISH,PendingFlip,FAIL:no_price sell=MISS buy=MISS exp=2024-10-03
2024-07-31 09:30:00,BULLISH,PendingFlip,FAIL:no_price sell=MISS buy=MISS exp=2024-10-03
2024-07-31 09:35:00,BULLISH,PendingFlip,FAIL:no_price sell=MISS buy=MISS exp=2024-10-03
2024-07-31 09:40:00,BULLISH,PendingFlip,FAIL:no_price sell=MISS buy=MISS exp=2024-10-03
2024-07-31 09:45:00,BULLISH,PendingFlip,FAIL:no_price sell=MISS buy=MISS exp=2024-10-03
2024-08-01 09:15:00,BULLISH,DailyReEntry,FAIL:no_price sell=MISS buy=MISS exp=2024-10-03
2024-08-01 11:45:00,BEARISH,PendingFlip,FAIL:no_price sell=MISS buy=MISS exp=2024-10-03
2024-08-02 09:15:00,BEARISH,DailyReEntry,FAIL:no_price sell=MISS buy=MISS exp=2024-10-03
2024-08-02 10:50:00,BULLISH,PendingFlip,FAIL:no_price sell=MISS buy=MISS exp=2024-10-03
2024-08-02 14:35:00,BEARISH,PendingFlip,FAIL:no_price sell=MISS buy=MISS exp=2024-10-03
2024-08-05 09:15:00,BEARISH,DailyReEntry,FAIL:no_price sell=MISS buy=MISS exp=2024-10-03
2024-08-05 09:55:00,BULLISH,PendingFlip,FAIL:no_price sell=MISS buy=MISS exp=2024-10-03
2024-08-05 10:40:00,BEARISH,PendingFlip,FAIL:no_price sell=MISS buy=MISS exp=2024-10-03
2024-08-05 13:30:00,BULLISH,PendingFlip,FAIL:no_price sell=MISS buy=MISS exp=2024-10-03
2024-08-06 09:15:00,BULLISH,DailyReEntry,FAIL:no_price sell=MISS buy=MISS exp=2024-10-03
2024-08-06 10:30:00,BEARISH,PendingFlip,FAIL:no_price sell=MISS buy=MISS exp=2024-10-03
2024-08-07 09:15:00,BULLISH,PendingFlip,FAIL:no_price sell=MISS buy=MISS exp=2024-10-03
2024-08-07 09:15:00,BULLISH,DailyReEntry,FAIL:no_price sell=MISS buy=MISS exp=2024-10-03
2024-08-08 09:15:00,BULLISH,DailyReEntry,FAIL:no_price sell=MISS buy=MISS exp=2024-10-03
2024-08-08 09:55:00,BEARISH,PendingFlip,FAIL:no_price sell=MISS buy=MISS exp=2024-10-03
2024-08-08 12:10:00,BULLISH,PendingFlip,FAIL:no_price sell=MISS buy=MISS exp=2024-10-03
2024-08-08 13:00:00,BEARISH,PendingFlip,FAIL:no_price sell=MISS buy=MISS exp=2024-10-03
2024-08-09 09:15:00,BULLISH,PendingFlip,FAIL:no_price sell=MISS buy=MISS exp=2024-10-03
2024-08-09 09:15:00,BULLISH,DailyReEntry,FAIL:no_price sell=MISS buy=MISS exp=2024-10-03
2024-08-12 09:15:00,BEARISH,PendingFlip,FAIL:no_price sell=MISS buy=MISS exp=2024-10-03
2024-08-12 09:15:00,BEARISH,DailyReEntry,FAIL:no_price sell=MISS buy=MISS exp=2024-10-03
2024-08-12 10:35:00,BULLISH,PendingFlip,FAIL:no_price sell=MISS buy=MISS exp=2024-10-03
2024-08-12 14:50:00,BEARISH,PendingFlip,FAIL:no_price sell=MISS buy=MISS exp=2024-10-03
2024-08-13 09:15:00,BEARISH,DailyReEntry,FAIL:no_price sell=MISS buy=MISS exp=2024-10-03
2024-08-14 09:15:00,BEARISH,DailyReEntry,FAIL:no_price sell=MISS buy=MISS exp=2024-10-03
2024-08-16 09:15:00,BULLISH,PendingFlip,FAIL:no_price sell=MISS buy=MISS exp=2024-10-03
2024-08-16 09:15:00,BULLISH,DailyReEntry,FAIL:no_price sell=MISS buy=MISS exp=2024-10-03
2024-08-16 09:50:00,BEARISH,PendingFlip,FAIL:no_price sell=MISS buy=MISS exp=2024-10-03
2024-08-16 11:25:00,BULLISH,PendingFlip,FAIL:no_price sell=MISS buy=MISS exp=2024-10-03
2024-08-19 09:15:00,BULLISH,DailyReEntry,FAIL:no_price sell=MISS buy=MISS exp=2024-10-03
2024-08-19 11:05:00,BEARISH,PendingFlip,FAIL:no_price sell=MISS buy=MISS exp=2024-10-03
2024-08-20 09:15:00,BULLISH,PendingFlip,FAIL:no_price sell=MISS buy=MISS exp=2024-10-03
2024-08-20 09:15:00,BULLISH,DailyReEntry,FAIL:no_price sell=MISS buy=MISS exp=2024-10-03
2024-08-21 09:15:00,BULLISH,DailyReEntry,FAIL:no_price sell=MISS buy=MISS exp=2024-10-03
2024-08-22 09:15:00,BULLISH,DailyReEntry,FAIL:no_price sell=MISS buy=MISS exp=2024-10-03
2024-08-23 09:15:00,BULLISH,DailyReEntry,FAIL:no_price sell=MISS buy=MISS exp=2024-10-03
2024-08-23 09:35:00,BEARISH,PendingFlip,FAIL:no_price sell=MISS buy=MISS exp=2024-10-03
2024-08-23 09:40:00,BEARISH,PendingFlip,FAIL:no_price sell=MISS buy=MISS exp=2024-10-03
2024-08-23 09:45:00,BEARISH,PendingFlip,FAIL:no_price sell=MISS buy=MISS exp=2024-10-03
2024-08-23 10:45:00,BULLISH,PendingFlip,FAIL:no_price sell=MISS buy=MISS exp=2024-10-03
2024-08-26 09:15:00,BULLISH,DailyReEntry,FAIL:no_price sell=MISS buy=MISS exp=2024-10-03
2024-08-27 09:15:00,BULLISH,DailyReEntry,FAIL:no_price sell=MISS buy=MISS exp=2024-10-03
2024-08-27 14:50:00,BEARISH,PendingFlip,FAIL:no_price sell=OK buy=MISS exp=2024-10-03
2024-08-28 09:15:00,BEARISH,DailyReEntry,FAIL:no_price sell=MISS buy=MISS exp=2024-10-03
2024-08-28 11:10:00,BULLISH,PendingFlip,FAIL:no_price sell=MISS buy=MISS exp=2024-10-03
2024-08-28 14:50:00,BEARISH,PendingFlip,FAIL:no_price sell=OK buy=MISS exp=2024-10-03
2024-08-29 09:15:00,BEARISH,DailyReEntry,FAIL:no_price sell=MISS buy=MISS exp=2024-10-03
2024-08-29 09:45:00,BULLISH,PendingFlip,FAIL:no_price sell=OK buy=MISS exp=2024-10-03
2024-08-29 14:00:00,BEARISH,PendingFlip,FAIL:no_price sell=OK buy=MISS exp=2024-10-03
2024-08-29 14:50:00,BULLISH,PendingFlip,ENTERED BULL_PUT exp=2024-10-03 sell=25100 buy=24600 cr=164.84
2024-09-02 13:00:00,BEARISH,PendingFlip,FAIL:no_price sell=OK buy=MISS exp=2024-10-03
2024-09-03 09:15:00,BEARISH,DailyReEntry,FAIL:no_price sell=MISS buy=MISS exp=2024-10-03
2024-09-04 09:15:00,BEARISH,DailyReEntry,FAIL:no_price sell=MISS buy=MISS exp=2024-10-03
2024-09-04 13:15:00,BULLISH,PendingFlip,ENTERED BULL_PUT exp=2024-10-03 sell=25200 buy=24700 cr=161.15
2024-09-05 10:25:00,BEARISH,PendingFlip,ENTERED BEAR_CALL exp=2024-10-03 sell=25200 buy=25700 cr=249.10
2024-09-06 12:25:00,BULLISH,PendingFlip,ENTERED BULL_PUT exp=2024-10-03 sell=24950 buy=24450 cr=179.70
2024-09-06 13:00:00,BEARISH,PendingFlip,ENTERED BEAR_CALL exp=2024-10-03 sell=24850 buy=25350 cr=236.00
2024-09-09 09:50:00,BULLISH,PendingFlip,FAIL:no_price sell=OK buy=MISS exp=2024-10-03
2024-09-10 09:15:00,BULLISH,DailyReEntry,FAIL:no_price sell=MISS buy=MISS exp=2024-10-03
2024-09-10 09:50:00,BEARISH,PendingFlip,ENTERED BEAR_CALL exp=2024-10-03 sell=24900 buy=25400 cr=236.60
2024-09-10 11:20:00,BULLISH,PendingFlip,ENTERED BULL_PUT exp=2024-10-03 sell=25000 buy=24500 cr=160.80
2024-09-10 15:05:00,BEARISH,PendingFlip,FAIL:no_price sell=OK buy=MISS exp=2024-10-03
2024-09-11 09:15:00,BEARISH,DailyReEntry,FAIL:no_price sell=MISS buy=OK exp=2024-10-03
2024-09-11 10:15:00,BULLISH,PendingFlip,ENTERED BULL_PUT exp=2024-10-03 sell=25050 buy=24550 cr=150.40
2024-09-11 13:45:00,BEARISH,PendingFlip,ENTERED BEAR_CALL exp=2024-10-03 sell=25000 buy=25500 cr=234.45
2024-09-12 09:20:00,BULLISH,PendingFlip,FAIL:no_price sell=OK buy=MISS exp=2024-10-03
2024-09-12 09:25:00,BULLISH,PendingFlip,FAIL:no_price sell=OK buy=MISS exp=2024-10-03
2024-09-12 09:30:00,BULLISH,PendingFlip,FAIL:no_price sell=OK buy=MISS exp=2024-10-03
2024-09-12 09:35:00,BULLISH,PendingFlip,ENTERED BULL_PUT exp=2024-10-03 sell=25000 buy=24500 cr=141.05
2024-09-12 11:30:00,BEARISH,PendingFlip,ENTERED BEAR_CALL exp=2024-10-03 sell=25000 buy=25500 cr=215.40
2024-09-12 14:05:00,BULLISH,PendingFlip,ENTERED BULL_PUT exp=2024-10-03 sell=25200 buy=24700 cr=161.35
2024-09-16 12:15:00,BEARISH,PendingFlip,FAIL:no_price sell=OK buy=MISS exp=2024-10-03
2024-09-16 13:45:00,BULLISH,PendingFlip,ENTERED BULL_PUT exp=2024-10-03 sell=25400 buy=24900 cr=131.00
2024-09-18 13:05:00,BEARISH,PendingFlip,ENTERED BEAR_CALL exp=2024-10-03 sell=25400 buy=25900 cr=206.75
2024-09-18 15:05:00,BULLISH,PendingFlip,ENTERED BULL_PUT exp=2024-10-03 sell=25400 buy=24900 cr=134.20
2024-09-19 10:15:00,BEARISH,PendingFlip,ENTERED BEAR_CALL exp=2024-10-03 sell=25500 buy=26000 cr=209.75
2024-09-20 09:20:00,BULLISH,PendingFlip,ENTERED BULL_PUT exp=2024-10-03 sell=25500 buy=25000 cr=135.25
2024-09-20 13:35:00,BEARISH,PendingFlip,ENTERED BEAR_CALL exp=2024-10-03 sell=25550 buy=26050 cr=222.00
2024-09-20 13:50:00,BULLISH,PendingFlip,ENTERED BULL_PUT exp=2024-10-03 sell=25700 buy=25200 cr=147.50
2024-09-25 10:10:00,BEARISH,PendingFlip,ENTERED BEAR_CALL exp=2024-10-03 sell=25900 buy=26400 cr=180.95
2024-09-25 14:10:00,BULLISH,PendingFlip,ENTERED BULL_PUT exp=2024-10-03 sell=25950 buy=25450 cr=122.50
2024-09-27 12:55:00,BEARISH,PendingFlip,ENTERED BEAR_CALL exp=2024-10-03 sell=26200 buy=26700 cr=136.64
2024-10-01 09:20:00,BULLISH,PendingFlip,ENTERED BULL_PUT exp=2024-10-03 sell=25900 buy=25400 cr=99.25
2024-10-01 10:20:00,BEARISH,PendingFlip,ENTERED BEAR_CALL exp=2024-10-03 sell=25800 buy=26300 cr=96.95
2024-10-01 12:20:00,BULLISH,PendingFlip,ENTERED BULL_PUT exp=2024-10-03 sell=25800 buy=25300 cr=59.56
2024-10-03 09:45:00,BULLISH,PendingFlip,ENTERED BULL_PUT exp=2024-10-10 sell=25600 buy=25100 cr=100.55
2024-10-03 10:15:00,BEARISH,PendingFlip,ENTERED BEAR_CALL exp=2024-10-10 sell=25500 buy=26000 cr=190.86
2024-10-04 09:55:00,BULLISH,PendingFlip,ENTERED BULL_PUT exp=2024-10-10 sell=25300 buy=24800 cr=120.45
2024-10-04 12:40:00,BEARISH,PendingFlip,ENTERED BEAR_CALL exp=2024-10-10 sell=25200 buy=25700 cr=219.85
2024-10-07 14:50:00,BULLISH,PendingFlip,ENTERED BULL_PUT exp=2024-10-10 sell=24850 buy=24350 cr=113.80
2024-10-09 13:20:00,BEARISH,PendingFlip,ENTERED BEAR_CALL exp=2024-10-10 sell=25100 buy=25600 cr=74.80
2024-10-10 10:10:00,BULLISH,PendingFlip,ENTERED BULL_PUT exp=2024-10-17 sell=25100 buy=24600 cr=110.79
2024-10-10 11:40:00,BEARISH,PendingFlip,ENTERED BEAR_CALL exp=2024-10-17 sell=25000 buy=25500 cr=171.75
2024-10-14 09:20:00,BULLISH,PendingFlip,ENTERED BULL_PUT exp=2024-10-17 sell=25050 buy=24550 cr=110.60
2024-10-15 09:50:00,BEARISH,PendingFlip,ENTERED BEAR_CALL exp=2024-10-17 sell=25100 buy=25600 cr=125.60
2024-10-16 14:05:00,BULLISH,PendingFlip,ENTERED BULL_PUT exp=2024-10-17 sell=25000 buy=24500 cr=63.85
2024-10-16 15:15:00,BEARISH,PendingFlip,ENTERED BEAR_CALL exp=2024-10-17 sell=24950 buy=25450 cr=83.50
2024-10-17 11:30:00,BEARISH,Target-ReEntry,ENTERED BEAR_CALL exp=2024-10-24 sell=24800 buy=25300 cr=146.50
2024-10-18 09:50:00,BULLISH,PendingFlip,ENTERED BULL_PUT exp=2024-10-24 sell=24650 buy=24150 cr=103.10
2024-10-21 09:35:00,BEARISH,PendingFlip,ENTERED BEAR_CALL exp=2024-10-24 sell=24800 buy=25300 cr=127.04
2024-10-21 10:05:00,BULLISH,PendingFlip,ENTERED BULL_PUT exp=2024-10-24 sell=24800 buy=24300 cr=110.35
2024-10-21 12:15:00,BEARISH,PendingFlip,ENTERED BEAR_CALL exp=2024-10-24 sell=24750 buy=25250 cr=96.80
2024-10-21 14:00:00,BULLISH,PendingFlip,ENTERED BULL_PUT exp=2024-10-24 sell=24850 buy=24350 cr=103.35
2024-10-21 15:25:00,BEARISH,PendingFlip,ENTERED BEAR_CALL exp=2024-10-24 sell=24750 buy=25250 cr=100.15
2024-10-22 09:45:00,BULLISH,PendingFlip,ENTERED BULL_PUT exp=2024-10-24 sell=24850 buy=24350 cr=86.55
2024-10-22 10:15:00,BEARISH,PendingFlip,ENTERED BEAR_CALL exp=2024-10-24 sell=24700 buy=25200 cr=136.20
2024-10-23 10:05:00,BULLISH,PendingFlip,ENTERED BULL_PUT exp=2024-10-24 sell=24500 buy=24000 cr=82.20
2024-10-23 14:25:00,BEARISH,PendingFlip,ENTERED BEAR_CALL exp=2024-10-24 sell=24450 buy=24950 cr=76.05
2024-10-24 13:30:00,BEARISH,Target-ReEntry,ENTERED BEAR_CALL exp=2024-10-31 sell=24400 buy=24900 cr=152.85
2024-10-25 15:15:00,BULLISH,PendingFlip,ENTERED BULL_PUT exp=2024-10-31 sell=24200 buy=23700 cr=119.10
2024-10-28 09:45:00,BEARISH,PendingFlip,ENTERED BEAR_CALL exp=2024-10-31 sell=24150 buy=24650 cr=145.75
2024-10-28 10:00:00,BULLISH,PendingFlip,ENTERED BULL_PUT exp=2024-10-31 sell=24250 buy=23750 cr=93.06
2024-10-28 14:05:00,BEARISH,PendingFlip,ENTERED BEAR_CALL exp=2024-10-31 sell=24400 buy=24900 cr=98.85
2024-10-29 12:05:00,BULLISH,PendingFlip,ENTERED BULL_PUT exp=2024-10-31 sell=24300 buy=23800 cr=102.10
2024-10-30 09:20:00,BEARISH,PendingFlip,ENTERED BEAR_CALL exp=2024-10-31 sell=24400 buy=24900 cr=84.60
2024-10-31 11:15:00,BEARISH,Target-ReEntry,ENTERED BEAR_CALL exp=2024-11-07 sell=24250 buy=24750 cr=194.25
2024-11-01 18:05:00,BULLISH,PendingFlip,ENTERED BULL_PUT exp=2024-11-07 sell=24350 buy=23850 cr=172.45
2024-11-04 09:20:00,BEARISH,PendingFlip,ENTERED BEAR_CALL exp=2024-11-07 sell=24100 buy=24600 cr=188.85
2024-11-04 12:05:00,BULLISH,PendingFlip,ENTERED BULL_PUT exp=2024-11-07 sell=23950 buy=23450 cr=161.60
2024-11-05 11:40:00,BEARISH,PendingFlip,ENTERED BEAR_CALL exp=2024-11-07 sell=23850 buy=24350 cr=185.60
2024-11-05 13:25:00,BULLISH,PendingFlip,ENTERED BULL_PUT exp=2024-11-07 sell=24050 buy=23550 cr=169.45
2024-11-06 11:55:00,BULLISH,Target-ReEntry,ENTERED BULL_PUT exp=2024-11-07 sell=24450 buy=23950 cr=100.50
2024-11-07 09:25:00,BEARISH,PendingFlip,ENTERED BEAR_CALL exp=2024-11-14 sell=24350 buy=24850 cr=186.25
2024-11-08 09:30:00,BULLISH,PendingFlip,ENTERED BULL_PUT exp=2024-11-14 sell=24200 buy=23700 cr=142.50
2024-11-08 11:55:00,BEARISH,PendingFlip,ENTERED BEAR_CALL exp=2024-11-14 sell=24100 buy=24600 cr=146.35
2024-11-11 09:35:00,BULLISH,PendingFlip,ENTERED BULL_PUT exp=2024-11-14 sell=24100 buy=23600 cr=104.90
2024-11-11 12:25:00,BEARISH,PendingFlip,ENTERED BEAR_CALL exp=2024-11-14 sell=24250 buy=24750 cr=100.75
2024-11-11 14:40:00,BULLISH,PendingFlip,ENTERED BULL_PUT exp=2024-11-14 sell=24200 buy=23700 cr=106.00
2024-11-12 10:40:00,BEARISH,PendingFlip,ENTERED BEAR_CALL exp=2024-11-14 sell=24150 buy=24650 cr=91.05
2024-11-13 13:00:00,BEARISH,Target-ReEntry,ENTERED BEAR_CALL exp=2024-11-14 sell=23650 buy=24150 cr=91.00
2024-11-14 10:05:00,BULLISH,PendingFlip,ENTERED BULL_PUT exp=2024-11-21 sell=23650 buy=23150 cr=115.15
2024-11-14 11:10:00,BEARISH,PendingFlip,ENTERED BEAR_CALL exp=2024-11-21 sell=23500 buy=24000 cr=160.35
2024-11-18 12:15:00,BULLISH,PendingFlip,ENTERED BULL_PUT exp=2024-11-21 sell=23500 buy=23000 cr=121.30
2024-11-18 14:35:00,BEARISH,PendingFlip,ENTERED BEAR_CALL exp=2024-11-21 sell=23450 buy=23950 cr=99.70
2024-11-19 09:20:00,BULLISH,PendingFlip,ENTERED BULL_PUT exp=2024-11-21 sell=23650 buy=23150 cr=121.94
2024-11-19 14:55:00,BEARISH,PendingFlip,ENTERED BEAR_CALL exp=2024-11-21 sell=23600 buy=24100 cr=93.90
2024-11-21 09:40:00,BEARISH,Target-ReEntry,ENTERED BEAR_CALL exp=2024-11-28 sell=23300 buy=23800 cr=161.10
2024-11-22 09:20:00,BULLISH,PendingFlip,ENTERED BULL_PUT exp=2024-11-28 sell=23500 buy=23000 cr=153.55
2024-11-22 10:50:00,BEARISH,PendingFlip,ENTERED BEAR_CALL exp=2024-11-28 sell=23500 buy=24000 cr=165.45
2024-11-22 12:10:00,BULLISH,PendingFlip,ENTERED BULL_PUT exp=2024-11-28 sell=23650 buy=23150 cr=135.75
2024-11-25 12:55:00,BEARISH,PendingFlip,ENTERED BEAR_CALL exp=2024-11-28 sell=24150 buy=24650 cr=159.75
2024-11-26 09:20:00,BULLISH,PendingFlip,ENTERED BULL_PUT exp=2024-11-28 sell=24300 buy=23800 cr=105.60
2024-11-26 10:20:00,BEARISH,PendingFlip,ENTERED BEAR_CALL exp=2024-11-28 sell=24150 buy=24650 cr=131.41
2024-11-27 12:25:00,BULLISH,PendingFlip,ENTERED BULL_PUT exp=2024-11-28 sell=24250 buy=23750 cr=69.16
2024-11-28 10:35:00,BEARISH,PendingFlip,ENTERED BEAR_CALL exp=2024-12-05 sell=24150 buy=24650 cr=196.05
2024-11-29 09:30:00,BULLISH,PendingFlip,ENTERED BULL_PUT exp=2024-12-05 sell=24050 buy=23550 cr=138.80
2024-12-02 09:20:00,BEARISH,PendingFlip,ENTERED BEAR_CALL exp=2024-12-05 sell=24050 buy=24550 cr=147.50
2024-12-02 09:50:00,BULLISH,PendingFlip,ENTERED BULL_PUT exp=2024-12-05 sell=24100 buy=23600 cr=110.65
2024-12-04 12:00:00,BEARISH,PendingFlip,ENTERED BEAR_CALL exp=2024-12-05 sell=24400 buy=24900 cr=109.35
2024-12-04 12:30:00,BULLISH,PendingFlip,ENTERED BULL_PUT exp=2024-12-05 sell=24500 buy=24000 cr=121.80
2024-12-04 14:55:00,BEARISH,PendingFlip,ENTERED BEAR_CALL exp=2024-12-05 sell=24450 buy=24950 cr=101.50
2024-12-05 12:10:00,BULLISH,PendingFlip,ENTERED BULL_PUT exp=2024-12-12 sell=24600 buy=24100 cr=164.49
2024-12-05 14:55:00,BEARISH,PendingFlip,ENTERED BEAR_CALL exp=2024-12-12 sell=24500 buy=25000 cr=242.20
2024-12-05 15:10:00,BULLISH,PendingFlip,ENTERED BULL_PUT exp=2024-12-12 sell=24750 buy=24250 cr=159.86
2024-12-09 10:05:00,BEARISH,PendingFlip,ENTERED BEAR_CALL exp=2024-12-12 sell=24600 buy=25100 cr=134.94
2024-12-10 15:10:00,BULLISH,PendingFlip,ENTERED BULL_PUT exp=2024-12-12 sell=24600 buy=24100 cr=108.86
2024-12-12 11:00:00,BEARISH,PendingFlip,ENTERED BEAR_CALL exp=2024-12-19 sell=24600 buy=25100 cr=160.85
2024-12-13 11:20:00,BULLISH,PendingFlip,ENTERED BULL_PUT exp=2024-12-19 sell=24300 buy=23800 cr=141.70
2024-12-16 10:30:00,BEARISH,PendingFlip,ENTERED BEAR_CALL exp=2024-12-19 sell=24700 buy=25200 cr=124.35
2024-12-19 09:15:00,BEARISH,Target-ReEntry,FAIL:no_price sell=MISS buy=MISS exp=2024-12-26
2024-12-20 09:15:00,BEARISH,DailyReEntry,FAIL:no_price sell=MISS buy=MISS exp=2024-12-26
2024-12-20 09:35:00,BULLISH,PendingFlip,FAIL:no_price sell=MISS buy=MISS exp=2024-12-26
2024-12-20 09:40:00,BULLISH,PendingFlip,FAIL:no_price sell=MISS buy=MISS exp=2024-12-26
2024-12-20 09:45:00,BEARISH,PendingFlip,FAIL:no_price sell=MISS buy=MISS exp=2024-12-26
2024-12-20 10:15:00,BULLISH,PendingFlip,FAIL:no_price sell=MISS buy=MISS exp=2024-12-26
2024-12-20 12:20:00,BEARISH,PendingFlip,FAIL:no_price sell=MISS buy=MISS exp=2024-12-26
2024-12-23 09:15:00,BULLISH,PendingFlip,FAIL:no_price sell=MISS buy=MISS exp=2024-12-26
2024-12-23 09:15:00,BULLISH,DailyReEntry,FAIL:no_price sell=MISS buy=MISS exp=2024-12-26
2024-12-23 12:30:00,BEARISH,PendingFlip,FAIL:no_price sell=MISS buy=MISS exp=2024-12-26
2024-12-24 09:15:00,BEARISH,DailyReEntry,FAIL:no_price sell=MISS buy=MISS exp=2024-12-26
2024-12-24 09:50:00,BULLISH,PendingFlip,FAIL:no_price sell=MISS buy=MISS exp=2024-12-26
2024-12-24 13:40:00,BEARISH,PendingFlip,FAIL:no_price sell=MISS buy=MISS exp=2024-12-26
2024-12-26 09:15:00,BULLISH,PendingFlip,ENTERED BULL_PUT exp=2025-01-02 sell=23850 buy=23350 cr=128.50
2024-12-26 10:10:00,BEARISH,PendingFlip,FAIL:no_price sell=OK buy=MISS exp=2025-01-02
2024-12-27 09:15:00,BULLISH,PendingFlip,ENTERED BULL_PUT exp=2025-01-02 sell=23800 buy=23300 cr=122.50
2024-12-27 12:10:00,BEARISH,PendingFlip,FAIL:no_price sell=OK buy=MISS exp=2025-01-02
2024-12-30 09:15:00,BEARISH,DailyReEntry,FAIL:no_price sell=OK buy=MISS exp=2025-01-02
2024-12-30 10:45:00,BULLISH,PendingFlip,ENTERED BULL_PUT exp=2025-01-02 sell=23850 buy=23350 cr=112.35
2024-12-30 12:30:00,BEARISH,PendingFlip,FAIL:no_price sell=OK buy=MISS exp=2025-01-02
2024-12-31 09:15:00,BEARISH,DailyReEntry,FAIL:no_price sell=OK buy=MISS exp=2025-01-02
2024-12-31 10:50:00,BULLISH,PendingFlip,ENTERED BULL_PUT exp=2025-01-02 sell=23600 buy=23100 cr=136.55
2025-01-01 09:50:00,BEARISH,PendingFlip,FAIL:no_price sell=OK buy=MISS exp=2025-01-02
2025-01-01 10:45:00,BULLISH,PendingFlip,ENTERED BULL_PUT exp=2025-01-02 sell=23700 buy=23200 cr=115.86
2025-01-02 13:00:00,BULLISH,Target-ReEntry,ENTERED BULL_PUT exp=2025-01-09 sell=24050 buy=23550 cr=144.40
2025-01-03 09:35:00,BEARISH,PendingFlip,ENTERED BEAR_CALL exp=2025-01-09 sell=24100 buy=24600 cr=151.25
2025-01-03 11:25:00,BULLISH,PendingFlip,ENTERED BULL_PUT exp=2025-01-09 sell=24100 buy=23600 cr=132.15
2025-01-03 14:05:00,BEARISH,PendingFlip,ENTERED BEAR_CALL exp=2025-01-09 sell=24050 buy=24550 cr=121.40
2025-01-06 09:25:00,BULLISH,PendingFlip,ENTERED BULL_PUT exp=2025-01-09 sell=24050 buy=23550 cr=132.80
2025-01-06 09:45:00,BEARISH,PendingFlip,ENTERED BEAR_CALL exp=2025-01-09 sell=23950 buy=24450 cr=137.20
2025-01-06 12:40:00,BULLISH,PendingFlip,ENTERED BULL_PUT exp=2025-01-09 sell=23750 buy=23250 cr=144.55
2025-01-06 13:50:00,BEARISH,PendingFlip,ENTERED BEAR_CALL exp=2025-01-09 sell=23600 buy=24100 cr=161.80
2025-01-07 09:20:00,BULLISH,PendingFlip,ENTERED BULL_PUT exp=2025-01-09 sell=23750 buy=23250 cr=133.01
2025-01-07 10:05:00,BEARISH,PendingFlip,ENTERED BEAR_CALL exp=2025-01-09 sell=23650 buy=24150 cr=144.75
2025-01-08 13:45:00,BULLISH,PendingFlip,ENTERED BULL_PUT exp=2025-01-09 sell=23650 buy=23150 cr=74.25
2025-01-09 09:40:00,BEARISH,PendingFlip,ENTERED BEAR_CALL exp=2025-01-16 sell=23600 buy=24100 cr=162.35
2025-01-10 10:55:00,BULLISH,PendingFlip,ENTERED BULL_PUT exp=2025-01-16 sell=23450 buy=22950 cr=124.21
2025-01-10 14:15:00,BEARISH,PendingFlip,ENTERED BEAR_CALL exp=2025-01-16 sell=23450 buy=23950 cr=146.50
2025-01-13 10:35:00,BULLISH,PendingFlip,ENTERED BULL_PUT exp=2025-01-16 sell=23300 buy=22800 cr=104.75
2025-01-13 12:20:00,BEARISH,PendingFlip,ENTERED BEAR_CALL exp=2025-01-16 sell=23200 buy=23700 cr=136.94
2025-01-14 09:20:00,BULLISH,PendingFlip,ENTERED BULL_PUT exp=2025-01-16 sell=23200 buy=22700 cr=82.40
2025-01-14 13:05:00,BEARISH,PendingFlip,ENTERED BEAR_CALL exp=2025-01-16 sell=23150 buy=23650 cr=111.10
2025-01-15 10:25:00,BULLISH,PendingFlip,ENTERED BULL_PUT exp=2025-01-16 sell=23250 buy=22750 cr=66.44
2025-01-15 13:20:00,BEARISH,PendingFlip,ENTERED BEAR_CALL exp=2025-01-16 sell=23200 buy=23700 cr=54.70
2025-01-16 09:20:00,BULLISH,PendingFlip,ENTERED BULL_PUT exp=2025-01-23 sell=23350 buy=22850 cr=133.00
2025-01-17 09:20:00,BEARISH,PendingFlip,ENTERED BEAR_CALL exp=2025-01-23 sell=23200 buy=23700 cr=156.30
2025-01-17 10:30:00,BULLISH,PendingFlip,ENTERED BULL_PUT exp=2025-01-23 sell=23250 buy=22750 cr=123.86
2025-01-17 10:50:00,BEARISH,PendingFlip,ENTERED BEAR_CALL exp=2025-01-23 sell=23150 buy=23650 cr=152.05
2025-01-17 12:05:00,BULLISH,PendingFlip,ENTERED BULL_PUT exp=2025-01-23 sell=23200 buy=22700 cr=134.00
2025-01-20 09:40:00,BEARISH,PendingFlip,ENTERED BEAR_CALL exp=2025-01-23 sell=23200 buy=23700 cr=158.40
2025-01-20 10:35:00,BULLISH,PendingFlip,ENTERED BULL_PUT exp=2025-01-23 sell=23250 buy=22750 cr=111.75
2025-01-21 10:00:00,BEARISH,PendingFlip,ENTERED BEAR_CALL exp=2025-01-23 sell=23300 buy=23800 cr=134.25
2025-01-21 11:50:00,BULLISH,PendingFlip,ENTERED BULL_PUT exp=2025-01-23 sell=23400 buy=22900 cr=136.10
2025-01-21 12:20:00,BEARISH,PendingFlip,ENTERED BEAR_CALL exp=2025-01-23 sell=23150 buy=23650 cr=149.45
2025-01-21 13:05:00,BULLISH,PendingFlip,ENTERED BULL_PUT exp=2025-01-23 sell=23250 buy=22750 cr=120.60
2025-01-21 14:35:00,BEARISH,PendingFlip,ENTERED BEAR_CALL exp=2025-01-23 sell=23050 buy=23550 cr=160.90
2025-01-22 14:30:00,BULLISH,PendingFlip,ENTERED BULL_PUT exp=2025-01-23 sell=23100 buy=22600 cr=58.70
2025-01-23 11:30:00,BULLISH,Target-ReEntry,ENTERED BULL_PUT exp=2025-01-30 sell=23250 buy=22750 cr=135.65
2025-01-24 09:40:00,BEARISH,PendingFlip,ENTERED BEAR_CALL exp=2025-01-30 sell=23250 buy=23750 cr=153.60
2025-01-24 11:05:00,BULLISH,PendingFlip,ENTERED BULL_PUT exp=2025-01-30 sell=23250 buy=22750 cr=137.65
2025-01-24 12:40:00,BEARISH,PendingFlip,ENTERED BEAR_CALL exp=2025-01-30 sell=23200 buy=23700 cr=175.40
2025-01-28 09:20:00,BULLISH,PendingFlip,ENTERED BULL_PUT exp=2025-01-30 sell=22900 buy=22400 cr=109.70
2025-01-28 14:50:00,BEARISH,PendingFlip,ENTERED BEAR_CALL exp=2025-01-30 sell=22950 buy=23450 cr=165.00
2025-01-29 09:40:00,BULLISH,PendingFlip,ENTERED BULL_PUT exp=2025-01-30 sell=23050 buy=22550 cr=139.00
2025-01-29 11:25:00,BEARISH,PendingFlip,ENTERED BEAR_CALL exp=2025-01-30 sell=23050 buy=23550 cr=126.90
2025-01-29 13:30:00,BULLISH,PendingFlip,ENTERED BULL_PUT exp=2025-01-30 sell=23150 buy=22650 cr=133.24
2025-01-30 13:55:00,BEARISH,PendingFlip,ENTERED BEAR_CALL exp=2025-02-06 sell=23200 buy=23700 cr=220.55
2025-01-30 15:10:00,BULLISH,PendingFlip,ENTERED BULL_PUT exp=2025-02-06 sell=23250 buy=22750 cr=160.60
2025-01-31 14:20:00,BEARISH,PendingFlip,ENTERED BEAR_CALL exp=2025-02-06 sell=23450 buy=23950 cr=211.14
2025-02-01 09:15:00,BULLISH,PendingFlip,ENTERED BULL_PUT exp=2025-02-06 sell=23500 buy=23000 cr=133.30
2025-02-01 11:55:00,BEARISH,PendingFlip,ENTERED BEAR_CALL exp=2025-02-06 sell=23450 buy=23950 cr=172.30
2025-02-01 12:25:00,BULLISH,PendingFlip,ENTERED BULL_PUT exp=2025-02-06 sell=23450 buy=22950 cr=111.90
2025-02-01 13:10:00,BEARISH,PendingFlip,ENTERED BEAR_CALL exp=2025-02-06 sell=23350 buy=23850 cr=162.85
2025-02-01 13:45:00,BULLISH,PendingFlip,ENTERED BULL_PUT exp=2025-02-06 sell=23500 buy=23000 cr=130.95
2025-02-03 09:20:00,BEARISH,PendingFlip,ENTERED BEAR_CALL exp=2025-02-06 sell=23300 buy=23800 cr=125.86
2025-02-03 15:10:00,BULLISH,PendingFlip,ENTERED BULL_PUT exp=2025-02-06 sell=23350 buy=22850 cr=79.40
2025-02-04 10:40:00,BEARISH,PendingFlip,ENTERED BEAR_CALL exp=2025-02-06 sell=23450 buy=23950 cr=146.39
2025-02-04 11:40:00,BULLISH,PendingFlip,ENTERED BULL_PUT exp=2025-02-06 sell=23550 buy=23050 cr=111.26
2025-02-06 09:15:00,BEARISH,PendingFlip,ENTERED BEAR_CALL exp=2025-02-13 sell=23750 buy=24250 cr=154.10
2025-02-07 10:10:00,BULLISH,PendingFlip,ENTERED BULL_PUT exp=2025-02-13 sell=23600 buy=23100 cr=116.40
2025-02-07 10:20:00,BEARISH,PendingFlip,ENTERED BEAR_CALL exp=2025-02-13 sell=23500 buy=24000 cr=185.60
2025-02-07 11:00:00,BULLISH,PendingFlip,ENTERED BULL_PUT exp=2025-02-13 sell=23600 buy=23100 cr=114.75
2025-02-07 12:15:00,BEARISH,PendingFlip,ENTERED BEAR_CALL exp=2025-02-13 sell=23600 buy=24100 cr=142.19
2025-02-07 15:10:00,BULLISH,PendingFlip,ENTERED BULL_PUT exp=2025-02-13 sell=23550 buy=23050 cr=120.46
2025-02-10 09:20:00,BEARISH,PendingFlip,ENTERED BEAR_CALL exp=2025-02-13 sell=23500 buy=24000 cr=130.80
2025-02-11 14:55:00,BULLISH,PendingFlip,ENTERED BULL_PUT exp=2025-02-13 sell=23050 buy=22550 cr=74.55
2025-02-12 09:30:00,BEARISH,PendingFlip,ENTERED BEAR_CALL exp=2025-02-13 sell=22950 buy=23450 cr=123.35
2025-02-12 10:50:00,BULLISH,PendingFlip,ENTERED BULL_PUT exp=2025-02-13 sell=22950 buy=22450 cr=91.40
2025-02-12 14:00:00,BEARISH,PendingFlip,ENTERED BEAR_CALL exp=2025-02-13 sell=23000 buy=23500 cr=99.50
2025-02-13 09:35:00,BULLISH,PendingFlip,ENTERED BULL_PUT exp=2025-02-20 sell=23100 buy=22600 cr=137.65
2025-02-13 13:35:00,BEARISH,PendingFlip,ENTERED BEAR_CALL exp=2025-02-20 sell=23100 buy=23600 cr=166.25
2025-02-20 09:30:00,BEARISH,Target-ReEntry,ENTERED BEAR_CALL exp=2025-02-27 sell=22850 buy=23350 cr=170.11
2025-02-21 15:10:00,BULLISH,PendingFlip,ENTERED BULL_PUT exp=2025-02-27 sell=22800 buy=22300 cr=112.70
2025-02-24 09:20:00,BEARISH,PendingFlip,ENTERED BEAR_CALL exp=2025-02-27 sell=22600 buy=23100 cr=152.35
2025-02-25 09:40:00,BULLISH,PendingFlip,ENTERED BULL_PUT exp=2025-02-27 sell=22600 buy=22100 cr=69.39
2025-02-25 15:25:00,BEARISH,PendingFlip,ENTERED BEAR_CALL exp=2025-02-27 sell=22550 buy=23050 cr=68.36
2025-02-27 15:10:00,BEARISH,Target-ReEntry,ENTERED BEAR_CALL exp=2025-03-06 sell=22550 buy=23050 cr=159.35
2025-03-03 09:20:00,BULLISH,PendingFlip,ENTERED BULL_PUT exp=2025-03-06 sell=22200 buy=21700 cr=90.30
2025-03-03 09:45:00,BEARISH,PendingFlip,ENTERED BEAR_CALL exp=2025-03-06 sell=22100 buy=22600 cr=150.50
2025-03-03 12:50:00,BULLISH,PendingFlip,ENTERED BULL_PUT exp=2025-03-06 sell=22150 buy=21650 cr=96.70
2025-03-04 09:20:00,BEARISH,PendingFlip,ENTERED BEAR_CALL exp=2025-03-06 sell=22050 buy=22550 cr=81.35
2025-03-04 11:05:00,BULLISH,PendingFlip,ENTERED BULL_PUT exp=2025-03-06 sell=22100 buy=21600 cr=89.35
2025-03-05 14:20:00,BEARISH,PendingFlip,ENTERED BEAR_CALL exp=2025-03-06 sell=22300 buy=22800 cr=72.60
2025-03-06 09:20:00,BEARISH,PendingFlip,ENTERED BEAR_CALL exp=2025-03-13 sell=22350 buy=22850 cr=185.15
2025-03-06 10:40:00,BULLISH,PendingFlip,ENTERED BULL_PUT exp=2025-03-13 sell=22350 buy=21850 cr=113.05
2025-03-07 12:20:00,BEARISH,PendingFlip,ENTERED BEAR_CALL exp=2025-03-13 sell=22500 buy=23000 cr=152.05
2025-03-10 09:40:00,BULLISH,PendingFlip,ENTERED BULL_PUT exp=2025-03-13 sell=22650 buy=22150 cr=134.95
2025-03-10 12:20:00,BEARISH,PendingFlip,ENTERED BEAR_CALL exp=2025-03-13 sell=22600 buy=23100 cr=106.90
2025-03-11 10:25:00,BULLISH,PendingFlip,ENTERED BULL_PUT exp=2025-03-13 sell=22450 buy=21950 cr=111.50
2025-03-12 09:30:00,BEARISH,PendingFlip,ENTERED BEAR_CALL exp=2025-03-13 sell=22450 buy=22950 cr=95.55
2025-03-12 13:25:00,BULLISH,PendingFlip,ENTERED BULL_PUT exp=2025-03-13 sell=22450 buy=21950 cr=81.20
2025-03-13 11:40:00,BEARISH,PendingFlip,ENTERED BEAR_CALL exp=2025-03-20 sell=22450 buy=22950 cr=129.40
2025-03-17 09:20:00,BULLISH,PendingFlip,ENTERED BULL_PUT exp=2025-03-20 sell=22500 buy=22000 cr=87.75
2025-03-17 10:35:00,BEARISH,PendingFlip,ENTERED BEAR_CALL exp=2025-03-20 sell=22450 buy=22950 cr=137.44
2025-03-17 14:20:00,BULLISH,PendingFlip,ENTERED BULL_PUT exp=2025-03-20 sell=22500 buy=22000 cr=91.61
2025-03-18 12:50:00,BEARISH,PendingFlip,ENTERED BEAR_CALL exp=2025-03-20 sell=22750 buy=23250 cr=90.25
2025-03-18 13:20:00,BULLISH,PendingFlip,ENTERED BULL_PUT exp=2025-03-20 sell=22800 buy=22300 cr=91.40
2025-03-20 10:10:00,BEARISH,PendingFlip,FAIL:no_price sell=MISS buy=OK exp=2025-03-27
2025-03-20 11:10:00,BULLISH,PendingFlip,ENTERED BULL_PUT exp=2025-03-27 sell=23050 buy=22550 cr=109.05
2025-03-21 13:40:00,BEARISH,PendingFlip,ENTERED BEAR_CALL exp=2025-03-27 sell=23350 buy=23850 cr=126.39
2025-03-21 14:25:00,BULLISH,PendingFlip,ENTERED BULL_PUT exp=2025-03-27 sell=23400 buy=22900 cr=111.74
2025-03-25 10:15:00,BEARISH,PendingFlip,ENTERED BEAR_CALL exp=2025-03-27 sell=23800 buy=24300 cr=117.20
2025-03-26 09:25:00,BULLISH,PendingFlip,ENTERED BULL_PUT exp=2025-03-27 sell=23700 buy=23200 cr=78.30
2025-03-26 12:00:00,BEARISH,PendingFlip,ENTERED BEAR_CALL exp=2025-03-27 sell=23600 buy=24100 cr=99.91
2025-03-27 09:45:00,BULLISH,PendingFlip,ENTERED BULL_PUT exp=2025-04-03 sell=23550 buy=23050 cr=105.35
2025-03-28 09:40:00,BEARISH,PendingFlip,ENTERED BEAR_CALL exp=2025-04-03 sell=23500 buy=24000 cr=151.15
2025-03-28 10:35:00,BULLISH,PendingFlip,ENTERED BULL_PUT exp=2025-04-03 sell=23650 buy=23150 cr=115.64
2025-03-28 12:25:00,BEARISH,PendingFlip,ENTERED BEAR_CALL exp=2025-04-03 sell=23550 buy=24050 cr=120.00
2025-03-28 14:30:00,BULLISH,PendingFlip,ENTERED BULL_PUT exp=2025-04-03 sell=23550 buy=23050 cr=101.35
2025-03-28 15:20:00,BEARISH,PendingFlip,ENTERED BEAR_CALL exp=2025-04-03 sell=23500 buy=24000 cr=118.30
2025-04-01 09:35:00,BULLISH,PendingFlip,ENTERED BULL_PUT exp=2025-04-03 sell=23550 buy=23050 cr=108.75
2025-04-01 10:25:00,BEARISH,PendingFlip,ENTERED BEAR_CALL exp=2025-04-03 sell=23300 buy=23800 cr=149.09
2025-04-02 09:35:00,BULLISH,PendingFlip,ENTERED BULL_PUT exp=2025-04-03 sell=23250 buy=22750 cr=66.65
2025-04-03 09:20:00,BEARISH,PendingFlip,ENTERED BEAR_CALL exp=2025-04-09 sell=23250 buy=23750 cr=149.20
2025-04-03 10:15:00,BULLISH,PendingFlip,ENTERED BULL_PUT exp=2025-04-09 sell=23250 buy=22750 cr=116.80
2025-04-04 09:20:00,BEARISH,PendingFlip,ENTERED BEAR_CALL exp=2025-04-09 sell=23050 buy=23550 cr=139.80
2025-04-07 09:15:00,BEARISH,Target-ReEntry,ENTERED BEAR_CALL exp=2025-04-09 sell=21900 buy=22400 cr=377.30
2025-04-07 09:30:00,BULLISH,PendingFlip,ENTERED BULL_PUT exp=2025-04-09 sell=22150 buy=21650 cr=111.40
2025-04-07 10:00:00,BEARISH,PendingFlip,ENTERED BEAR_CALL exp=2025-04-09 sell=22000 buy=22500 cr=206.64
2025-04-07 13:55:00,BULLISH,PendingFlip,ENTERED BULL_PUT exp=2025-04-09 sell=22000 buy=21500 cr=145.50
2025-04-08 10:40:00,BEARISH,PendingFlip,ENTERED BEAR_CALL exp=2025-04-09 sell=22300 buy=22800 cr=167.90
2025-04-08 11:10:00,BULLISH,PendingFlip,ENTERED BULL_PUT exp=2025-04-09 sell=22450 buy=21950 cr=93.94
2025-04-08 13:55:00,BEARISH,PendingFlip,ENTERED BEAR_CALL exp=2025-04-09 sell=22550 buy=23050 cr=142.70
2025-04-09 10:30:00,BEARISH,Target-ReEntry,ENTERED BEAR_CALL exp=2025-04-17 sell=22400 buy=22900 cr=205.35
2025-04-11 09:20:00,BULLISH,PendingFlip,ENTERED BULL_PUT exp=2025-04-17 sell=22800 buy=22300 cr=149.65
2025-04-11 14:05:00,BEARISH,PendingFlip,ENTERED BEAR_CALL exp=2025-04-17 sell=22800 buy=23300 cr=180.00
2025-04-16 09:15:00,BULLISH,DailyReEntry,ENTERED BULL_PUT exp=2025-04-17 sell=23300 buy=22800 cr=83.60
2025-04-17 09:20:00,BEARISH,PendingFlip,ENTERED BEAR_CALL exp=2025-04-24 sell=23300 buy=23800 cr=186.40
2025-04-17 09:45:00,BULLISH,PendingFlip,ENTERED BULL_PUT exp=2025-04-24 sell=23400 buy=22900 cr=133.20
2025-04-21 12:25:00,BULLISH,Target-ReEntry,ENTERED BULL_PUT exp=2025-04-24 sell=24150 buy=23650 cr=91.10
2025-04-22 09:20:00,BEARISH,PendingFlip,ENTERED BEAR_CALL exp=2025-04-24 sell=24150 buy=24650 cr=87.20
2025-04-22 10:20:00,BULLISH,PendingFlip,ENTERED BULL_PUT exp=2025-04-24 sell=24200 buy=23700 cr=98.30
2025-04-23 09:15:00,BULLISH,PendingFlip,ENTERED BULL_PUT exp=2025-04-24 sell=24300 buy=23800 cr=85.55
2025-04-23 10:10:00,BEARISH,PendingFlip,ENTERED BEAR_CALL exp=2025-04-24 sell=24200 buy=24700 cr=95.45
2025-04-23 11:45:00,BULLISH,PendingFlip,ENTERED BULL_PUT exp=2025-04-24 sell=24250 buy=23750 cr=68.80
2025-04-24 09:30:00,BEARISH,PendingFlip,ENTERED BEAR_CALL exp=2025-04-30 sell=24300 buy=24800 cr=149.65
2025-04-25 09:20:00,BULLISH,PendingFlip,ENTERED BULL_PUT exp=2025-04-30 sell=24300 buy=23800 cr=114.35
2025-04-25 09:40:00,BEARISH,PendingFlip,ENTERED BEAR_CALL exp=2025-04-30 sell=24200 buy=24700 cr=181.60
2025-04-25 12:40:00,BULLISH,PendingFlip,ENTERED BULL_PUT exp=2025-04-30 sell=23950 buy=23450 cr=115.89
2025-04-25 15:25:00,BEARISH,PendingFlip,ENTERED BEAR_CALL exp=2025-04-30 sell=24000 buy=24500 cr=148.05
2025-04-28 09:20:00,BULLISH,PendingFlip,ENTERED BULL_PUT exp=2025-04-30 sell=24100 buy=23600 cr=100.15
2025-04-29 09:45:00,BEARISH,PendingFlip,ENTERED BEAR_CALL exp=2025-04-30 sell=24300 buy=24800 cr=111.50
2025-04-30 15:35:00,BULLISH,PendingFlip,ENTERED BULL_PUT exp=2025-05-08 sell=24350 buy=23850 cr=143.45
2025-05-02 10:50:00,BEARISH,PendingFlip,ENTERED BEAR_CALL exp=2025-05-08 sell=24450 buy=24950 cr=186.75
2025-05-02 13:25:00,BULLISH,PendingFlip,ENTERED BULL_PUT exp=2025-05-08 sell=24350 buy=23850 cr=116.40
2025-05-06 09:55:00,BEARISH,PendingFlip,ENTERED BEAR_CALL exp=2025-05-08 sell=24400 buy=24900 cr=83.25
2025-05-07 09:30:00,BULLISH,PendingFlip,ENTERED BULL_PUT exp=2025-05-08 sell=24450 buy=23950 cr=85.50
2025-05-07 09:55:00,BEARISH,PendingFlip,ENTERED BEAR_CALL exp=2025-05-08 sell=24350 buy=24850 cr=77.35
2025-05-07 11:20:00,BULLISH,PendingFlip,ENTERED BULL_PUT exp=2025-05-08 sell=24400 buy=23900 cr=61.45
2025-05-08 13:40:00,BEARISH,PendingFlip,ENTERED BEAR_CALL exp=2025-05-15 sell=24350 buy=24850 cr=182.35
2025-05-08 15:55:00,BULLISH,PendingFlip,ENTERED BULL_PUT exp=2025-05-15 sell=24250 buy=23750 cr=138.80
2025-05-09 11:25:00,BULLISH,PendingFlip,ENTERED BULL_PUT exp=2025-05-15 sell=24100 buy=23600 cr=145.25
2025-05-09 13:25:00,BEARISH,PendingFlip,ENTERED BEAR_CALL exp=2025-05-15 sell=23950 buy=24450 cr=194.55
2025-05-13 09:15:00,BULLISH,DailyReEntry,ENTERED BULL_PUT exp=2025-05-15 sell=24850 buy=24350 cr=111.65
2025-05-13 09:25:00,BEARISH,PendingFlip,ENTERED BEAR_CALL exp=2025-05-15 sell=24750 buy=25250 cr=167.70
2025-05-13 09:40:00,BULLISH,PendingFlip,ENTERED BULL_PUT exp=2025-05-15 sell=24750 buy=24250 cr=139.50
2025-05-13 10:30:00,BEARISH,PendingFlip,ENTERED BEAR_CALL exp=2025-05-15 sell=24650 buy=25150 cr=156.60
2025-05-13 11:05:00,BULLISH,PendingFlip,ENTERED BULL_PUT exp=2025-05-15 sell=24750 buy=24250 cr=141.10
2025-05-13 12:45:00,BEARISH,PendingFlip,ENTERED BEAR_CALL exp=2025-05-15 sell=24650 buy=25150 cr=147.06
2025-05-14 09:25:00,BULLISH,PendingFlip,ENTERED BULL_PUT exp=2025-05-15 sell=24700 buy=24200 cr=121.20
2025-05-14 12:40:00,BEARISH,PendingFlip,ENTERED BEAR_CALL exp=2025-05-15 sell=24650 buy=25150 cr=75.00
2025-05-15 09:15:00,BULLISH,PendingFlip,ENTERED BULL_PUT exp=2025-05-22 sell=24600 buy=24100 cr=127.90
2025-05-15 09:40:00,BEARISH,PendingFlip,ENTERED BEAR_CALL exp=2025-05-22 sell=24550 buy=25050 cr=188.75
2025-05-15 10:40:00,BULLISH,PendingFlip,ENTERED BULL_PUT exp=2025-05-22 sell=24750 buy=24250 cr=146.80
2025-05-15 11:15:00,BEARISH,PendingFlip,ENTERED BEAR_CALL exp=2025-05-22 sell=24650 buy=25150 cr=172.75
2025-05-15 13:10:00,BULLISH,PendingFlip,ENTERED BULL_PUT exp=2025-05-22 sell=24900 buy=24400 cr=166.10
2025-05-16 11:10:00,BEARISH,PendingFlip,ENTERED BEAR_CALL exp=2025-05-22 sell=25000 buy=25500 cr=139.71
2025-05-21 09:35:00,BULLISH,PendingFlip,ENTERED BULL_PUT exp=2025-05-22 sell=24800 buy=24300 cr=122.15
2025-05-21 11:50:00,BEARISH,PendingFlip,ENTERED BEAR_CALL exp=2025-05-22 sell=24850 buy=25350 cr=90.91
2025-05-21 13:20:00,BULLISH,PendingFlip,ENTERED BULL_PUT exp=2025-05-22 sell=24800 buy=24300 cr=87.75
2025-05-22 09:20:00,BEARISH,PendingFlip,ENTERED BEAR_CALL exp=2025-05-29 sell=24600 buy=25100 cr=191.90
2025-05-22 14:50:00,BULLISH,PendingFlip,ENTERED BULL_PUT exp=2025-05-29 sell=24550 buy=24050 cr=129.75
2025-05-26 10:35:00,BEARISH,PendingFlip,ENTERED BEAR_CALL exp=2025-05-29 sell=24950 buy=25450 cr=180.10
2025-05-27 11:05:00,BULLISH,PendingFlip,ENTERED BULL_PUT exp=2025-05-29 sell=24850 buy=24350 cr=127.05
2025-05-27 12:25:00,BEARISH,PendingFlip,ENTERED BEAR_CALL exp=2025-05-29 sell=24850 buy=25350 cr=193.05
2025-05-27 15:10:00,BULLISH,PendingFlip,ENTERED BULL_PUT exp=2025-05-29 sell=24850 buy=24350 cr=146.10
2025-05-29 10:35:00,BEARISH,PendingFlip,ENTERED BEAR_CALL exp=2025-06-05 sell=24750 buy=25250 cr=175.16
2025-05-29 15:05:00,BULLISH,PendingFlip,ENTERED BULL_PUT exp=2025-06-05 sell=24800 buy=24300 cr=143.76
2025-05-30 10:20:00,BEARISH,PendingFlip,ENTERED BEAR_CALL exp=2025-06-05 sell=24750 buy=25250 cr=173.55
2025-06-02 10:50:00,BULLISH,PendingFlip,ENTERED BULL_PUT exp=2025-06-05 sell=24600 buy=24100 cr=153.50
2025-06-03 09:25:00,BEARISH,PendingFlip,ENTERED BEAR_CALL exp=2025-06-05 sell=24650 buy=25150 cr=169.85
2025-06-03 10:25:00,BULLISH,PendingFlip,ENTERED BULL_PUT exp=2025-06-05 sell=24700 buy=24200 cr=141.10
2025-06-03 10:45:00,BEARISH,PendingFlip,ENTERED BEAR_CALL exp=2025-06-05 sell=24650 buy=25150 cr=173.40
2025-06-04 14:10:00,BULLISH,PendingFlip,ENTERED BULL_PUT exp=2025-06-05 sell=24600 buy=24100 cr=64.20
2025-06-05 13:00:00,BEARISH,PendingFlip,ENTERED BEAR_CALL exp=2025-06-12 sell=24800 buy=25300 cr=171.55
2025-06-06 10:10:00,BULLISH,PendingFlip,ENTERED BULL_PUT exp=2025-06-12 sell=24750 buy=24250 cr=122.05
2025-06-10 09:30:00,BEARISH,PendingFlip,ENTERED BEAR_CALL exp=2025-06-12 sell=25100 buy=25600 cr=95.30
2025-06-10 10:15:00,BULLISH,PendingFlip,ENTERED BULL_PUT exp=2025-06-12 sell=25150 buy=24650 cr=92.05
2025-06-11 13:35:00,BEARISH,PendingFlip,ENTERED BEAR_CALL exp=2025-06-12 sell=25150 buy=25650 cr=83.50
2025-06-12 09:25:00,BULLISH,PendingFlip,ENTERED BULL_PUT exp=2025-06-19 sell=25150 buy=24650 cr=114.05
2025-06-12 09:45:00,BEARISH,PendingFlip,ENTERED BEAR_CALL exp=2025-06-19 sell=25100 buy=25600 cr=169.10
2025-06-13 09:30:00,BULLISH,PendingFlip,ENTERED BULL_PUT exp=2025-06-19 sell=24600 buy=24100 cr=131.65
2025-06-13 15:00:00,BEARISH,PendingFlip,ENTERED BEAR_CALL exp=2025-06-19 sell=24700 buy=25200 cr=133.40
2025-06-16 09:20:00,BULLISH,PendingFlip,ENTERED BULL_PUT exp=2025-06-19 sell=24800 buy=24300 cr=116.90
2025-06-16 09:50:00,BEARISH,PendingFlip,ENTERED BEAR_CALL exp=2025-06-19 sell=24750 buy=25250 cr=121.60
2025-06-16 10:30:00,BULLISH,PendingFlip,ENTERED BULL_PUT exp=2025-06-19 sell=24850 buy=24350 cr=112.65
2025-06-17 09:30:00,BEARISH,PendingFlip,ENTERED BEAR_CALL exp=2025-06-19 sell=24900 buy=25400 cr=98.95
2025-06-18 09:25:00,BULLISH,PendingFlip,ENTERED BULL_PUT exp=2025-06-19 sell=24900 buy=24400 cr=95.05
2025-06-18 10:35:00,BEARISH,PendingFlip,ENTERED BEAR_CALL exp=2025-06-19 sell=24850 buy=25350 cr=88.30
2025-06-19 09:35:00,BULLISH,PendingFlip,ENTERED BULL_PUT exp=2025-06-26 sell=24850 buy=24350 cr=135.65
2025-06-19 15:25:00,BEARISH,PendingFlip,ENTERED BEAR_CALL exp=2025-06-26 sell=24750 buy=25250 cr=173.25
2025-06-20 09:20:00,BULLISH,PendingFlip,ENTERED BULL_PUT exp=2025-06-26 sell=24850 buy=24350 cr=117.90
2025-06-23 09:20:00,BEARISH,PendingFlip,ENTERED BEAR_CALL exp=2025-06-26 sell=24950 buy=25450 cr=124.35
2025-06-23 10:50:00,BULLISH,PendingFlip,ENTERED BULL_PUT exp=2025-06-26 sell=24900 buy=24400 cr=106.70
2025-06-23 15:25:00,BEARISH,PendingFlip,ENTERED BEAR_CALL exp=2025-06-26 sell=24950 buy=25450 cr=143.90
2025-06-24 09:20:00,BULLISH,PendingFlip,ENTERED BULL_PUT exp=2025-06-26 sell=25250 buy=24750 cr=93.65
2025-06-24 09:50:00,BEARISH,PendingFlip,ENTERED BEAR_CALL exp=2025-06-26 sell=25150 buy=25650 cr=127.80
2025-06-24 10:20:00,BULLISH,PendingFlip,ENTERED BULL_PUT exp=2025-06-26 sell=25200 buy=24700 cr=89.60
2025-06-24 12:45:00,BEARISH,PendingFlip,ENTERED BEAR_CALL exp=2025-06-26 sell=25250 buy=25750 cr=101.65
2025-06-25 09:20:00,BULLISH,PendingFlip,ENTERED BULL_PUT exp=2025-06-26 sell=25150 buy=24650 cr=74.15
2025-06-26 10:45:00,BEARISH,PendingFlip,ENTERED BEAR_CALL exp=2025-07-03 sell=25350 buy=25850 cr=152.15
2025-06-26 12:25:00,BULLISH,PendingFlip,ENTERED BULL_PUT exp=2025-07-03 sell=25400 buy=24900 cr=132.05
2025-06-30 09:50:00,BEARISH,PendingFlip,ENTERED BEAR_CALL exp=2025-07-03 sell=25550 buy=26050 cr=152.45
2025-07-01 09:25:00,BULLISH,PendingFlip,ENTERED BULL_PUT exp=2025-07-03 sell=25550 buy=25050 cr=97.95
2025-07-01 11:00:00,BEARISH,PendingFlip,ENTERED BEAR_CALL exp=2025-07-03 sell=25500 buy=26000 cr=117.65
2025-07-02 09:20:00,BULLISH,PendingFlip,ENTERED BULL_PUT exp=2025-07-03 sell=25600 buy=25100 cr=79.50
2025-07-02 09:45:00,BEARISH,PendingFlip,ENTERED BEAR_CALL exp=2025-07-03 sell=25550 buy=26050 cr=77.00
2025-07-02 15:05:00,BULLISH,PendingFlip,ENTERED BULL_PUT exp=2025-07-03 sell=25450 buy=24950 cr=59.75
2025-07-03 09:30:00,BEARISH,PendingFlip,ENTERED BEAR_CALL exp=2025-07-10 sell=25450 buy=25950 cr=143.75
2025-07-03 09:50:00,BULLISH,PendingFlip,ENTERED BULL_PUT exp=2025-07-10 sell=25550 buy=25050 cr=138.75
2025-07-03 12:20:00,BEARISH,PendingFlip,ENTERED BEAR_CALL exp=2025-07-10 sell=25500 buy=26000 cr=144.80
2025-07-03 13:40:00,BULLISH,PendingFlip,ENTERED BULL_PUT exp=2025-07-10 sell=25550 buy=25050 cr=118.45
2025-07-03 14:00:00,BEARISH,PendingFlip,ENTERED BEAR_CALL exp=2025-07-10 sell=25500 buy=26000 cr=148.25
2025-07-04 14:40:00,BULLISH,PendingFlip,ENTERED BULL_PUT exp=2025-07-10 sell=25450 buy=24950 cr=113.60
2025-07-09 13:05:00,BEARISH,PendingFlip,ENTERED BEAR_CALL exp=2025-07-10 sell=25500 buy=26000 cr=85.80
2025-07-10 13:05:00,BEARISH,Target-ReEntry,ENTERED BEAR_CALL exp=2025-07-17 sell=25400 buy=25900 cr=136.70
2025-07-14 14:55:00,BULLISH,PendingFlip,ENTERED BULL_PUT exp=2025-07-17 sell=25100 buy=24600 cr=86.80
2025-07-15 14:55:00,BEARISH,PendingFlip,ENTERED BEAR_CALL exp=2025-07-17 sell=25150 buy=25650 cr=89.65
2025-07-15 15:25:00,BULLISH,PendingFlip,ENTERED BULL_PUT exp=2025-07-17 sell=25200 buy=24700 cr=49.25
2025-07-16 09:20:00,BEARISH,PendingFlip,ENTERED BEAR_CALL exp=2025-07-17 sell=25150 buy=25650 cr=71.95
2025-07-16 11:55:00,BULLISH,PendingFlip,ENTERED BULL_PUT exp=2025-07-17 sell=25200 buy=24700 cr=63.60
2025-07-17 09:50:00,BEARISH,PendingFlip,ENTERED BEAR_CALL exp=2025-07-24 sell=25200 buy=25700 cr=122.00
2025-07-18 14:35:00,BULLISH,PendingFlip,ENTERED BULL_PUT exp=2025-07-24 sell=25000 buy=24500 cr=94.65
2025-07-21 09:25:00,BEARISH,PendingFlip,ENTERED BEAR_CALL exp=2025-07-24 sell=24900 buy=25400 cr=108.75
2025-07-21 09:50:00,BULLISH,PendingFlip,ENTERED BULL_PUT exp=2025-07-24 sell=25050 buy=24550 cr=111.00
2025-07-22 10:45:00,BEARISH,PendingFlip,ENTERED BEAR_CALL exp=2025-07-24 sell=25100 buy=25600 cr=72.65
2025-07-23 09:20:00,BULLISH,PendingFlip,ENTERED BULL_PUT exp=2025-07-24 sell=25100 buy=24600 cr=41.55
2025-07-24 09:50:00,BEARISH,PendingFlip,ENTERED BEAR_CALL exp=2025-07-31 sell=25150 buy=25650 cr=139.55
2025-07-24 13:50:00,BULLISH,PendingFlip,ENTERED BULL_PUT exp=2025-07-31 sell=25100 buy=24600 cr=98.80
2025-07-25 09:20:00,BEARISH,PendingFlip,ENTERED BEAR_CALL exp=2025-07-31 sell=24950 buy=25450 cr=108.25
2025-07-25 09:30:00,BULLISH,PendingFlip,ENTERED BULL_PUT exp=2025-07-31 sell=24950 buy=24450 cr=86.90
2025-07-25 10:15:00,BEARISH,PendingFlip,ENTERED BEAR_CALL exp=2025-07-31 sell=24850 buy=25350 cr=143.35
2025-07-28 09:35:00,BULLISH,PendingFlip,ENTERED BULL_PUT exp=2025-07-31 sell=24850 buy=24350 cr=91.60
2025-07-28 10:50:00,BEARISH,PendingFlip,ENTERED BEAR_CALL exp=2025-07-31 sell=24800 buy=25300 cr=109.35
2025-07-29 12:55:00,BULLISH,PendingFlip,ENTERED BULL_PUT exp=2025-07-31 sell=24700 buy=24200 cr=66.30
2025-07-31 09:20:00,BEARISH,PendingFlip,ENTERED BEAR_CALL exp=2025-08-07 sell=24700 buy=25200 cr=146.30
2025-07-31 11:05:00,BULLISH,PendingFlip,ENTERED BULL_PUT exp=2025-08-07 sell=24750 buy=24250 cr=110.05
2025-07-31 14:50:00,BEARISH,PendingFlip,ENTERED BEAR_CALL exp=2025-08-07 sell=24850 buy=25350 cr=147.40
2025-08-04 09:20:00,BULLISH,PendingFlip,ENTERED BULL_PUT exp=2025-08-07 sell=24650 buy=24150 cr=122.40
2025-08-05 09:40:00,BEARISH,PendingFlip,ENTERED BEAR_CALL exp=2025-08-07 sell=24650 buy=25150 cr=99.95
2025-08-07 10:15:00,BEARISH,Target-ReEntry,ENTERED BEAR_CALL exp=2025-08-14 sell=24500 buy=25000 cr=135.25
2025-08-07 14:15:00,BULLISH,PendingFlip,ENTERED BULL_PUT exp=2025-08-14 sell=24450 buy=23950 cr=118.00
2025-08-08 09:30:00,BEARISH,PendingFlip,ENTERED BEAR_CALL exp=2025-08-14 sell=24500 buy=25000 cr=140.15
2025-08-11 10:20:00,BULLISH,PendingFlip,ENTERED BULL_PUT exp=2025-08-14 sell=24450 buy=23950 cr=108.95
2025-08-12 10:30:00,BEARISH,PendingFlip,ENTERED BEAR_CALL exp=2025-08-14 sell=24600 buy=25100 cr=103.55
2025-08-12 12:40:00,BULLISH,PendingFlip,ENTERED BULL_PUT exp=2025-08-14 sell=24650 buy=24150 cr=75.90
2025-08-12 14:10:00,BEARISH,PendingFlip,ENTERED BEAR_CALL exp=2025-08-14 sell=24550 buy=25050 cr=91.35
2025-08-13 09:20:00,BULLISH,PendingFlip,ENTERED BULL_PUT exp=2025-08-14 sell=24550 buy=24050 cr=62.00
2025-08-14 13:50:00,BULLISH,Target-ReEntry,ENTERED BULL_PUT exp=2025-08-21 sell=24650 buy=24150 cr=102.65
2025-08-18 12:00:00,BEARISH,PendingFlip,ENTERED BEAR_CALL exp=2025-08-21 sell=24900 buy=25400 cr=137.80
2025-08-18 13:10:00,BULLISH,PendingFlip,ENTERED BULL_PUT exp=2025-08-21 sell=24950 buy=24450 cr=96.75
2025-08-18 15:10:00,BEARISH,PendingFlip,ENTERED BEAR_CALL exp=2025-08-21 sell=24850 buy=25350 cr=149.60
2025-08-19 11:10:00,BULLISH,PendingFlip,ENTERED BULL_PUT exp=2025-08-21 sell=24950 buy=24450 cr=75.70
2025-08-19 14:10:00,BEARISH,PendingFlip,ENTERED BEAR_CALL exp=2025-08-21 sell=24950 buy=25450 cr=81.35
2025-08-20 10:20:00,BULLISH,PendingFlip,ENTERED BULL_PUT exp=2025-08-21 sell=25000 buy=24500 cr=65.75
2025-08-21 12:40:00,BULLISH,Target-ReEntry,ENTERED BULL_PUT exp=2025-08-28 sell=25100 buy=24600 cr=87.95
2025-08-21 15:10:00,BEARISH,PendingFlip,ENTERED BEAR_CALL exp=2025-08-28 sell=25100 buy=25600 cr=128.15
2025-08-25 09:20:00,BULLISH,PendingFlip,ENTERED BULL_PUT exp=2025-08-28 sell=24950 buy=24450 cr=98.60
2025-08-25 10:10:00,BEARISH,PendingFlip,ENTERED BEAR_CALL exp=2025-08-28 sell=24900 buy=25400 cr=100.40
2025-08-25 12:00:00,BULLISH,PendingFlip,ENTERED BULL_PUT exp=2025-08-28 sell=24950 buy=24450 cr=61.55
2025-08-25 15:15:00,BEARISH,PendingFlip,ENTERED BEAR_CALL exp=2025-08-28 sell=24950 buy=25450 cr=94.25
2025-08-28 09:15:00,BEARISH,Target-ReEntry,ENTERED BEAR_CALL exp=2025-09-02 sell=24600 buy=25100 cr=129.25
2025-08-28 09:55:00,BULLISH,PendingFlip,ENTERED BULL_PUT exp=2025-09-02 sell=24600 buy=24100 cr=91.35
2025-08-28 12:25:00,BEARISH,PendingFlip,ENTERED BEAR_CALL exp=2025-09-02 sell=24600 buy=25100 cr=110.55
2025-08-29 11:15:00,BULLISH,PendingFlip,ENTERED BULL_PUT exp=2025-09-02 sell=24550 buy=24050 cr=73.65
2025-08-29 14:00:00,BEARISH,PendingFlip,ENTERED BEAR_CALL exp=2025-09-02 sell=24500 buy=25000 cr=88.55
2025-09-01 09:20:00,BULLISH,PendingFlip,ENTERED BULL_PUT exp=2025-09-02 sell=24550 buy=24050 cr=72.65
2025-09-02 10:20:00,BULLISH,Target-ReEntry,ENTERED BULL_PUT exp=2025-09-09 sell=24700 buy=24200 cr=81.10
2025-09-02 13:25:00,BEARISH,PendingFlip,ENTERED BEAR_CALL exp=2025-09-09 sell=24700 buy=25200 cr=141.55
2025-09-03 12:15:00,BULLISH,PendingFlip,ENTERED BULL_PUT exp=2025-09-09 sell=24650 buy=24150 cr=96.80
2025-09-04 10:15:00,BEARISH,PendingFlip,ENTERED BEAR_CALL exp=2025-09-09 sell=24850 buy=25350 cr=104.65
2025-09-05 09:20:00,BULLISH,PendingFlip,ENTERED BULL_PUT exp=2025-09-09 sell=24800 buy=24300 cr=60.75
2025-09-05 10:15:00,BEARISH,PendingFlip,ENTERED BEAR_CALL exp=2025-09-09 sell=24650 buy=25150 cr=109.90
2025-09-05 13:50:00,BULLISH,PendingFlip,ENTERED BULL_PUT exp=2025-09-09 sell=24750 buy=24250 cr=74.10
2025-09-08 14:50:00,BEARISH,PendingFlip,ENTERED BEAR_CALL exp=2025-09-09 sell=24800 buy=25300 cr=73.30
2025-09-09 09:20:00,BULLISH,PendingFlip,ENTERED BULL_PUT exp=2025-09-16 sell=24850 buy=24350 cr=93.65
2025-09-10 13:20:00,BEARISH,PendingFlip,ENTERED BEAR_CALL exp=2025-09-16 sell=24950 buy=25450 cr=129.60
2025-09-11 09:20:00,BULLISH,PendingFlip,ENTERED BULL_PUT exp=2025-09-16 sell=25000 buy=24500 cr=76.85
2025-09-15 10:10:00,BEARISH,PendingFlip,ENTERED BEAR_CALL exp=2025-09-16 sell=25100 buy=25600 cr=54.50
2025-09-16 09:25:00,BULLISH,PendingFlip,ENTERED BULL_PUT exp=2025-09-23 sell=25100 buy=24600 cr=91.55
2025-09-18 12:45:00,BEARISH,PendingFlip,ENTERED BEAR_CALL exp=2025-09-23 sell=25400 buy=25900 cr=102.10
2025-09-18 15:00:00,BULLISH,PendingFlip,ENTERED BULL_PUT exp=2025-09-23 sell=25400 buy=24900 cr=53.40
2025-09-19 09:25:00,BEARISH,PendingFlip,ENTERED BEAR_CALL exp=2025-09-23 sell=25350 buy=25850 cr=90.10
2025-09-19 14:05:00,BULLISH,PendingFlip,ENTERED BULL_PUT exp=2025-09-23 sell=25350 buy=24850 cr=55.05
2025-09-22 09:20:00,BEARISH,PendingFlip,ENTERED BEAR_CALL exp=2025-09-23 sell=25300 buy=25800 cr=44.10
2025-09-22 09:35:00,BULLISH,PendingFlip,ENTERED BULL_PUT exp=2025-09-23 sell=25300 buy=24800 cr=44.20
2025-09-22 14:00:00,BEARISH,PendingFlip,ENTERED BEAR_CALL exp=2025-09-23 sell=25250 buy=25750 cr=77.85
2025-09-23 09:20:00,BULLISH,PendingFlip,ENTERED BULL_PUT exp=2025-09-30 sell=25200 buy=24700 cr=75.80
2025-09-23 09:35:00,BEARISH,PendingFlip,ENTERED BEAR_CALL exp=2025-09-30 sell=25150 buy=25650 cr=155.65
2025-09-23 12:35:00,BULLISH,PendingFlip,ENTERED BULL_PUT exp=2025-09-30 sell=25200 buy=24700 cr=81.25
2025-09-23 15:05:00,BEARISH,PendingFlip,ENTERED BEAR_CALL exp=2025-09-30 sell=25150 buy=25650 cr=170.50
2025-09-24 13:05:00,BULLISH,PendingFlip,ENTERED BULL_PUT exp=2025-09-30 sell=25100 buy=24600 cr=67.15
2025-09-24 14:45:00,BEARISH,PendingFlip,ENTERED BEAR_CALL exp=2025-09-30 sell=25050 buy=25550 cr=142.60
2025-09-29 09:15:00,BEARISH,Target-ReEntry,ENTERED BEAR_CALL exp=2025-09-30 sell=24650 buy=25150 cr=138.95
2025-09-29 09:30:00,BULLISH,PendingFlip,ENTERED BULL_PUT exp=2025-09-30 sell=24750 buy=24250 cr=62.65
2025-09-29 11:35:00,BEARISH,PendingFlip,ENTERED BEAR_CALL exp=2025-09-30 sell=24650 buy=25150 cr=130.75
2025-09-29 13:25:00,BULLISH,PendingFlip,ENTERED BULL_PUT exp=2025-09-30 sell=24700 buy=24200 cr=49.40
2025-09-29 15:05:00,BEARISH,PendingFlip,ENTERED BEAR_CALL exp=2025-09-30 sell=24650 buy=25150 cr=76.25
2025-09-30 09:20:00,BULLISH,PendingFlip,ENTERED BULL_PUT exp=2025-10-07 sell=24700 buy=24200 cr=88.10
2025-09-30 10:30:00,BEARISH,PendingFlip,ENTERED BEAR_CALL exp=2025-10-07 sell=24650 buy=25150 cr=144.35
2025-10-01 09:50:00,BULLISH,PendingFlip,ENTERED BULL_PUT exp=2025-10-07 sell=24650 buy=24150 cr=81.30
2025-10-03 09:30:00,BEARISH,PendingFlip,ENTERED BEAR_CALL exp=2025-10-07 sell=24750 buy=25250 cr=106.35
2025-10-03 14:40:00,BULLISH,PendingFlip,ENTERED BULL_PUT exp=2025-10-07 sell=24900 buy=24400 cr=68.95
2025-10-07 09:15:00,BULLISH,Target-ReEntry,ENTERED BULL_PUT exp=2025-10-14 sell=25100 buy=24600 cr=81.65
2025-10-07 11:25:00,BEARISH,PendingFlip,ENTERED BEAR_CALL exp=2025-10-14 sell=25150 buy=25650 cr=120.40
2025-10-07 13:05:00,BULLISH,PendingFlip,ENTERED BULL_PUT exp=2025-10-14 sell=25200 buy=24700 cr=88.80
2025-10-07 14:40:00,BEARISH,PendingFlip,ENTERED BEAR_CALL exp=2025-10-14 sell=25150 buy=25650 cr=125.05
2025-10-08 09:25:00,BULLISH,PendingFlip,ENTERED BULL_PUT exp=2025-10-14 sell=25200 buy=24700 cr=92.95
2025-10-08 10:55:00,BEARISH,PendingFlip,ENTERED BEAR_CALL exp=2025-10-14 sell=25100 buy=25600 cr=119.15
2025-10-08 13:10:00,BULLISH,PendingFlip,ENTERED BULL_PUT exp=2025-10-14 sell=25100 buy=24600 cr=81.15
2025-10-08 15:15:00,BEARISH,PendingFlip,ENTERED BEAR_CALL exp=2025-10-14 sell=25050 buy=25550 cr=97.10
2025-10-09 09:30:00,BULLISH,PendingFlip,ENTERED BULL_PUT exp=2025-10-14 sell=25100 buy=24600 cr=73.60
2025-10-13 09:20:00,BEARISH,PendingFlip,ENTERED BEAR_CALL exp=2025-10-14 sell=25200 buy=25700 cr=90.30
2025-10-13 14:30:00,BULLISH,PendingFlip,ENTERED BULL_PUT exp=2025-10-14 sell=25250 buy=24750 cr=49.70
2025-10-14 09:55:00,BEARISH,PendingFlip,ENTERED BEAR_CALL exp=2025-10-20 sell=25200 buy=25700 cr=168.00
2025-10-14 14:35:00,BULLISH,PendingFlip,ENTERED BULL_PUT exp=2025-10-20 sell=25150 buy=24650 cr=89.85
2025-10-17 09:40:00,BULLISH,Target-ReEntry,ENTERED BULL_PUT exp=2025-10-20 sell=25600 buy=25100 cr=65.15
2025-10-17 12:55:00,BEARISH,PendingFlip,ENTERED BEAR_CALL exp=2025-10-20 sell=25700 buy=26200 cr=96.30
2025-10-17 14:40:00,BULLISH,PendingFlip,ENTERED BULL_PUT exp=2025-10-20 sell=25750 buy=25250 cr=64.70
2025-10-20 12:40:00,BULLISH,Target-ReEntry,ENTERED BULL_PUT exp=2025-10-28 sell=25850 buy=25350 cr=96.35
2025-10-23 14:00:00,BEARISH,PendingFlip,ENTERED BEAR_CALL exp=2025-10-28 sell=26000 buy=26500 cr=133.40
2025-10-27 09:20:00,BULLISH,PendingFlip,ENTERED BULL_PUT exp=2025-10-28 sell=25900 buy=25400 cr=57.75
2025-10-28 10:05:00,BEARISH,PendingFlip,ENTERED BEAR_CALL exp=2025-11-04 sell=25900 buy=26400 cr=183.30
2025-10-28 12:45:00,BULLISH,PendingFlip,ENTERED BULL_PUT exp=2025-11-04 sell=25900 buy=25400 cr=101.35
2025-10-28 14:05:00,BEARISH,PendingFlip,ENTERED BEAR_CALL exp=2025-11-04 sell=25850 buy=26350 cr=176.45
2025-10-28 15:05:00,BULLISH,PendingFlip,ENTERED BULL_PUT exp=2025-11-04 sell=25900 buy=25400 cr=105.85
2025-10-30 09:20:00,BEARISH,PendingFlip,ENTERED BEAR_CALL exp=2025-11-04 sell=26000 buy=26500 cr=135.10
2025-10-31 09:35:00,BULLISH,PendingFlip,ENTERED BULL_PUT exp=2025-11-04 sell=25950 buy=25450 cr=82.40
2025-10-31 10:20:00,BEARISH,PendingFlip,ENTERED BEAR_CALL exp=2025-11-04 sell=25850 buy=26350 cr=127.55
2025-11-03 09:50:00,BULLISH,PendingFlip,ENTERED BULL_PUT exp=2025-11-04 sell=25750 buy=25250 cr=71.85
2025-11-04 09:35:00,BEARISH,PendingFlip,ENTERED BEAR_CALL exp=2025-11-11 sell=25700 buy=26200 cr=155.70
2025-11-06 09:20:00,BULLISH,PendingFlip,ENTERED BULL_PUT exp=2025-11-11 sell=25650 buy=25150 cr=81.20
2025-11-06 10:10:00,BEARISH,PendingFlip,ENTERED BEAR_CALL exp=2025-11-11 sell=25550 buy=26050 cr=131.60
2025-11-06 12:55:00,BULLISH,PendingFlip,ENTERED BULL_PUT exp=2025-11-11 sell=25600 buy=25100 cr=85.95
2025-11-06 13:55:00,BEARISH,PendingFlip,ENTERED BEAR_CALL exp=2025-11-11 sell=25550 buy=26050 cr=102.35
2025-11-07 11:20:00,BULLISH,PendingFlip,ENTERED BULL_PUT exp=2025-11-11 sell=25450 buy=24950 cr=94.60
2025-11-10 15:10:00,BEARISH,PendingFlip,ENTERED BEAR_CALL exp=2025-11-11 sell=25550 buy=26050 cr=101.65
2025-11-11 11:55:00,BULLISH,PendingFlip,ENTERED BULL_PUT exp=2025-11-18 sell=25550 buy=25050 cr=108.90
2025-11-12 15:25:00,BEARISH,PendingFlip,ENTERED BEAR_CALL exp=2025-11-18 sell=25850 buy=26350 cr=161.05
2025-11-13 10:10:00,BULLISH,PendingFlip,ENTERED BULL_PUT exp=2025-11-18 sell=25900 buy=25400 cr=87.20
2025-11-13 14:00:00,BEARISH,PendingFlip,ENTERED BEAR_CALL exp=2025-11-18 sell=25900 buy=26400 cr=136.65
2025-11-14 09:35:00,BULLISH,PendingFlip,ENTERED BULL_PUT exp=2025-11-18 sell=25850 buy=25350 cr=91.30
2025-11-14 10:05:00,BEARISH,PendingFlip,ENTERED BEAR_CALL exp=2025-11-18 sell=25800 buy=26300 cr=131.15
2025-11-14 11:00:00,BULLISH,PendingFlip,ENTERED BULL_PUT exp=2025-11-18 sell=25850 buy=25350 cr=80.15
2025-11-14 13:40:00,BEARISH,PendingFlip,ENTERED BEAR_CALL exp=2025-11-18 sell=25750 buy=26250 cr=137.25
2025-11-14 15:05:00,BULLISH,PendingFlip,ENTERED BULL_PUT exp=2025-11-18 sell=25950 buy=25450 cr=119.15
2025-11-18 09:20:00,BEARISH,PendingFlip,ENTERED BEAR_CALL exp=2025-11-25 sell=25950 buy=26450 cr=157.20
2025-11-18 11:45:00,BULLISH,PendingFlip,ENTERED BULL_PUT exp=2025-11-25 sell=25950 buy=25450 cr=117.65
2025-11-18 15:05:00,BEARISH,PendingFlip,ENTERED BEAR_CALL exp=2025-11-25 sell=25900 buy=26400 cr=168.95
2025-11-19 10:15:00,BULLISH,PendingFlip,ENTERED BULL_PUT exp=2025-11-25 sell=25950 buy=25450 cr=107.75
2025-11-21 09:20:00,BEARISH,PendingFlip,ENTERED BEAR_CALL exp=2025-11-25 sell=26150 buy=26650 cr=113.25
2025-11-21 12:20:00,BULLISH,PendingFlip,ENTERED BULL_PUT exp=2025-11-25 sell=26150 buy=25650 cr=92.65
2025-11-21 13:25:00,BEARISH,PendingFlip,ENTERED BEAR_CALL exp=2025-11-25 sell=26100 buy=26600 cr=104.75
2025-11-24 10:15:00,BULLISH,PendingFlip,ENTERED BULL_PUT exp=2025-11-25 sell=26100 buy=25600 cr=51.75
2025-11-24 11:55:00,BEARISH,PendingFlip,ENTERED BEAR_CALL exp=2025-11-25 sell=26100 buy=26600 cr=72.95
2025-11-25 10:10:00,BULLISH,PendingFlip,ENTERED BULL_PUT exp=2025-12-02 sell=26000 buy=25500 cr=109.50
2025-11-25 11:00:00,BEARISH,PendingFlip,ENTERED BEAR_CALL exp=2025-12-02 sell=25950 buy=26450 cr=153.65
2025-11-25 13:10:00,BULLISH,PendingFlip,ENTERED BULL_PUT exp=2025-12-02 sell=26000 buy=25500 cr=114.95
2025-11-25 14:40:00,BEARISH,PendingFlip,ENTERED BEAR_CALL exp=2025-12-02 sell=25950 buy=26450 cr=150.55
2025-11-26 09:20:00,BULLISH,PendingFlip,ENTERED BULL_PUT exp=2025-12-02 sell=25950 buy=25450 cr=84.95
2025-11-27 12:25:00,BEARISH,PendingFlip,ENTERED BEAR_CALL exp=2025-12-02 sell=26250 buy=26750 cr=102.55
2025-11-27 14:40:00,BULLISH,PendingFlip,ENTERED BULL_PUT exp=2025-12-02 sell=26200 buy=25700 cr=84.30
2025-11-28 14:15:00,BEARISH,PendingFlip,ENTERED BEAR_CALL exp=2025-12-02 sell=26200 buy=26700 cr=98.10
2025-12-01 09:20:00,BULLISH,PendingFlip,ENTERED BULL_PUT exp=2025-12-02 sell=26300 buy=25800 cr=70.35
2025-12-01 10:55:00,BEARISH,PendingFlip,ENTERED BEAR_CALL exp=2025-12-02 sell=26250 buy=26750 cr=75.25
2025-12-02 11:15:00,BEARISH,Target-ReEntry,ENTERED BEAR_CALL exp=2025-12-09 sell=26100 buy=26600 cr=153.10
2025-12-03 15:00:00,BULLISH,PendingFlip,ENTERED BULL_PUT exp=2025-12-09 sell=25950 buy=25450 cr=83.80
2025-12-04 11:55:00,BEARISH,PendingFlip,ENTERED BEAR_CALL exp=2025-12-09 sell=26000 buy=26500 cr=129.60
2025-12-04 15:00:00,BULLISH,PendingFlip,ENTERED BULL_PUT exp=2025-12-09 sell=26050 buy=25550 cr=82.90
2025-12-08 09:40:00,BEARISH,PendingFlip,ENTERED BEAR_CALL exp=2025-12-09 sell=26150 buy=26650 cr=65.40
2025-12-09 09:15:00,BEARISH,Target-ReEntry,ENTERED BEAR_CALL exp=2025-12-16 sell=25800 buy=26300 cr=181.90
2025-12-09 10:20:00,BULLISH,PendingFlip,ENTERED BULL_PUT exp=2025-12-16 sell=25850 buy=25350 cr=116.85
2025-12-09 14:25:00,BEARISH,PendingFlip,ENTERED BEAR_CALL exp=2025-12-16 sell=25800 buy=26300 cr=166.60
2025-12-10 09:35:00,BULLISH,PendingFlip,ENTERED BULL_PUT exp=2025-12-16 sell=25900 buy=25400 cr=99.25
2025-12-10 11:00:00,BEARISH,PendingFlip,ENTERED BEAR_CALL exp=2025-12-16 sell=25850 buy=26350 cr=120.30
2025-12-11 10:15:00,BULLISH,PendingFlip,ENTERED BULL_PUT exp=2025-12-16 sell=25800 buy=25300 cr=78.60
2025-12-15 09:20:00,BEARISH,PendingFlip,ENTERED BEAR_CALL exp=2025-12-16 sell=25950 buy=26450 cr=72.30
2025-12-15 10:50:00,BULLISH,PendingFlip,ENTERED BULL_PUT exp=2025-12-16 sell=26000 buy=25500 cr=75.05
2025-12-16 09:20:00,BEARISH,PendingFlip,ENTERED BEAR_CALL exp=2025-12-23 sell=25950 buy=26450 cr=142.95
2025-12-17 09:25:00,BULLISH,PendingFlip,ENTERED BULL_PUT exp=2025-12-23 sell=25900 buy=25400 cr=90.55
2025-12-17 10:05:00,BEARISH,PendingFlip,ENTERED BEAR_CALL exp=2025-12-23 sell=25850 buy=26350 cr=127.75
2025-12-18 10:20:00,BULLISH,PendingFlip,ENTERED BULL_PUT exp=2025-12-23 sell=25850 buy=25350 cr=95.25
2025-12-18 14:05:00,BEARISH,PendingFlip,ENTERED BEAR_CALL exp=2025-12-23 sell=25800 buy=26300 cr=127.00
2025-12-19 09:20:00,BULLISH,PendingFlip,ENTERED BULL_PUT exp=2025-12-23 sell=25950 buy=25450 cr=88.00
2025-12-23 09:15:00,BULLISH,Target-ReEntry,ENTERED BULL_PUT exp=2025-12-30 sell=26150 buy=25650 cr=80.55
2025-12-23 14:45:00,BEARISH,PendingFlip,ENTERED BEAR_CALL exp=2025-12-30 sell=26200 buy=26700 cr=112.40
2025-12-24 09:35:00,BULLISH,PendingFlip,ENTERED BULL_PUT exp=2025-12-30 sell=26200 buy=25700 cr=73.10
2025-12-24 13:25:00,BEARISH,PendingFlip,ENTERED BEAR_CALL exp=2025-12-30 sell=26150 buy=26650 cr=113.15
2025-12-29 09:35:00,BULLISH,PendingFlip,ENTERED BULL_PUT exp=2025-12-30 sell=26100 buy=25600 cr=56.80
2025-12-29 10:05:00,BEARISH,PendingFlip,ENTERED BEAR_CALL exp=2025-12-30 sell=26050 buy=26550 cr=45.55
2025-12-30 09:45:00,BULLISH,PendingFlip,ENTERED BULL_PUT exp=2026-01-06 sell=25900 buy=25400 cr=77.80
2025-12-30 11:30:00,BEARISH,PendingFlip,ENTERED BEAR_CALL exp=2026-01-06 sell=25900 buy=26400 cr=142.35
2025-12-30 13:50:00,BULLISH,PendingFlip,ENTERED BULL_PUT exp=2026-01-06 sell=25950 buy=25450 cr=85.25
2025-12-31 15:15:00,BEARISH,PendingFlip,ENTERED BEAR_CALL exp=2026-01-06 sell=26150 buy=26650 cr=115.10
2026-01-01 09:30:00,BULLISH,PendingFlip,ENTERED BULL_PUT exp=2026-01-06 sell=26200 buy=25700 cr=82.50
2026-01-01 12:10:00,BEARISH,PendingFlip,ENTERED BEAR_CALL exp=2026-01-06 sell=26100 buy=26600 cr=113.90
2026-01-02 09:25:00,BULLISH,PendingFlip,ENTERED BULL_PUT exp=2026-01-06 sell=26200 buy=25700 cr=65.00
2026-01-05 09:35:00,BEARISH,PendingFlip,ENTERED BEAR_CALL exp=2026-01-06 sell=26300 buy=26800 cr=48.00
2026-01-05 10:10:00,BULLISH,PendingFlip,ENTERED BULL_PUT exp=2026-01-06 sell=26350 buy=25850 cr=57.35
2026-01-05 13:30:00,BEARISH,PendingFlip,ENTERED BEAR_CALL exp=2026-01-06 sell=26300 buy=26800 cr=43.85
2026-01-05 15:00:00,BULLISH,PendingFlip,ENTERED BULL_PUT exp=2026-01-06 sell=26250 buy=25750 cr=53.85
2026-01-06 09:20:00,BEARISH,PendingFlip,ENTERED BEAR_CALL exp=2026-01-13 sell=26200 buy=26700 cr=145.99
2026-01-06 10:00:00,BULLISH,PendingFlip,ENTERED BULL_PUT exp=2026-01-13 sell=26250 buy=25750 cr=86.20
2026-01-06 11:15:00,BEARISH,PendingFlip,ENTERED BEAR_CALL exp=2026-01-13 sell=26150 buy=26650 cr=155.70
2026-01-07 11:05:00,BULLISH,PendingFlip,ENTERED BULL_PUT exp=2026-01-13 sell=26150 buy=25650 cr=69.45
2026-01-07 12:20:00,BEARISH,PendingFlip,ENTERED BEAR_CALL exp=2026-01-13 sell=26100 buy=26600 cr=119.55
2026-01-07 15:10:00,BULLISH,PendingFlip,ENTERED BULL_PUT exp=2026-01-13 sell=26150 buy=25650 cr=83.70
2026-01-08 09:30:00,BEARISH,PendingFlip,ENTERED BEAR_CALL exp=2026-01-13 sell=26050 buy=26550 cr=104.11
2026-01-09 09:20:00,BULLISH,PendingFlip,ENTERED BULL_PUT exp=2026-01-13 sell=25850 buy=25350 cr=49.90
2026-01-09 11:00:00,BEARISH,PendingFlip,ENTERED BEAR_CALL exp=2026-01-13 sell=25800 buy=26300 cr=113.90
2026-01-12 11:30:00,BEARISH,Target-ReEntry,ENTERED BEAR_CALL exp=2026-01-13 sell=25500 buy=26000 cr=78.90
2026-01-12 12:15:00,BULLISH,PendingFlip,ENTERED BULL_PUT exp=2026-01-13 sell=25600 buy=25100 cr=77.14
2026-01-13 09:30:00,BEARISH,PendingFlip,ENTERED BEAR_CALL exp=2026-01-20 sell=25750 buy=26250 cr=159.45
2026-01-13 14:55:00,BULLISH,PendingFlip,ENTERED BULL_PUT exp=2026-01-20 sell=25700 buy=25200 cr=102.46
2026-01-14 13:40:00,BEARISH,PendingFlip,ENTERED BEAR_CALL exp=2026-01-20 sell=25650 buy=26150 cr=125.30
2026-01-16 09:20:00,BULLISH,PendingFlip,ENTERED BULL_PUT exp=2026-01-20 sell=25700 buy=25200 cr=78.80
2026-01-16 12:30:00,BEARISH,PendingFlip,ENTERED BEAR_CALL exp=2026-01-20 sell=25750 buy=26250 cr=108.45
2026-01-19 14:05:00,BULLISH,PendingFlip,ENTERED BULL_PUT exp=2026-01-20 sell=25600 buy=25100 cr=51.90
2026-01-20 09:25:00,BEARISH,PendingFlip,ENTERED BEAR_CALL exp=2026-01-27 sell=25500 buy=26000 cr=151.80
2026-01-21 11:20:00,BULLISH,PendingFlip,ENTERED BULL_PUT exp=2026-01-27 sell=25050 buy=24550 cr=104.95
2026-01-21 13:55:00,BEARISH,PendingFlip,ENTERED BEAR_CALL exp=2026-01-27 sell=25150 buy=25650 cr=162.90
2026-01-22 09:20:00,BULLISH,PendingFlip,ENTERED BULL_PUT exp=2026-01-27 sell=25350 buy=24850 cr=112.55
2026-01-22 10:30:00,BEARISH,PendingFlip,ENTERED BEAR_CALL exp=2026-01-27 sell=25300 buy=25800 cr=124.65
2026-01-22 14:50:00,BULLISH,PendingFlip,ENTERED BULL_PUT exp=2026-01-27 sell=25300 buy=24800 cr=90.80
2026-01-23 11:50:00,BEARISH,PendingFlip,ENTERED BEAR_CALL exp=2026-01-27 sell=25200 buy=25700 cr=112.80
2026-01-27 09:40:00,BULLISH,PendingFlip,ENTERED BULL_PUT exp=2026-02-03 sell=25150 buy=24650 cr=166.70
2026-01-27 10:45:00,BEARISH,PendingFlip,ENTERED BEAR_CALL exp=2026-02-03 sell=25050 buy=25550 cr=201.95
2026-01-27 11:45:00,BULLISH,PendingFlip,ENTERED BULL_PUT exp=2026-02-03 sell=25100 buy=24600 cr=133.50
2026-01-28 13:45:00,BEARISH,PendingFlip,ENTERED BEAR_CALL exp=2026-02-03 sell=25200 buy=25700 cr=174.30
2026-01-28 15:00:00,BULLISH,PendingFlip,ENTERED BULL_PUT exp=2026-02-03 sell=25350 buy=24850 cr=143.50
2026-01-29 09:40:00,BEARISH,PendingFlip,ENTERED BEAR_CALL exp=2026-02-03 sell=25200 buy=25700 cr=180.55
2026-01-29 11:25:00,BULLISH,PendingFlip,ENTERED BULL_PUT exp=2026-02-03 sell=25300 buy=24800 cr=141.20
2026-01-30 09:20:00,BEARISH,PendingFlip,ENTERED BEAR_CALL exp=2026-02-03 sell=25250 buy=25750 cr=162.05
2026-01-30 13:55:00,BULLISH,PendingFlip,ENTERED BULL_PUT exp=2026-02-03 sell=25350 buy=24850 cr=149.65
2026-02-01 11:45:00,BEARISH,PendingFlip,ENTERED BEAR_CALL exp=2026-02-03 sell=25300 buy=25800 cr=156.30
2026-02-01 12:40:00,BULLISH,PendingFlip,ENTERED BULL_PUT exp=2026-02-03 sell=25000 buy=24500 cr=154.65
2026-02-01 14:50:00,BEARISH,PendingFlip,ENTERED BEAR_CALL exp=2026-02-03 sell=24950 buy=25450 cr=151.45
2026-02-02 09:55:00,BULLISH,PendingFlip,ENTERED BULL_PUT exp=2026-02-03 sell=24850 buy=24350 cr=97.95
2026-02-02 11:10:00,BEARISH,PendingFlip,ENTERED BEAR_CALL exp=2026-02-03 sell=24750 buy=25250 cr=108.45
2026-02-02 11:45:00,BULLISH,PendingFlip,ENTERED BULL_PUT exp=2026-02-03 sell=24850 buy=24350 cr=96.05
2026-02-03 09:20:00,BEARISH,PendingFlip,ENTERED BEAR_CALL exp=2026-02-10 sell=25800 buy=26300 cr=177.20
2026-02-04 14:20:00,BULLISH,PendingFlip,ENTERED BULL_PUT exp=2026-02-10 sell=25800 buy=25300 cr=111.40
2026-02-05 09:25:00,BEARISH,PendingFlip,ENTERED BEAR_CALL exp=2026-02-10 sell=25700 buy=26200 cr=121.85
2026-02-06 11:35:00,BULLISH,PendingFlip,ENTERED BULL_PUT exp=2026-02-10 sell=25650 buy=25150 cr=117.55
2026-02-06 12:35:00,BEARISH,PendingFlip,ENTERED BEAR_CALL exp=2026-02-10 sell=25550 buy=26050 cr=96.70
2026-02-06 14:40:00,BULLISH,PendingFlip,ENTERED BULL_PUT exp=2026-02-10 sell=25650 buy=25150 cr=93.85
2026-02-10 09:15:00,BULLISH,Target-ReEntry,ENTERED BULL_PUT exp=2026-02-17 sell=25900 buy=25400 cr=101.75
2026-02-10 13:50:00,BEARISH,PendingFlip,ENTERED BEAR_CALL exp=2026-02-17 sell=25950 buy=26450 cr=127.40
2026-02-11 09:20:00,BULLISH,PendingFlip,ENTERED BULL_PUT exp=2026-02-17 sell=26000 buy=25500 cr=97.40
2026-02-11 10:05:00,BEARISH,PendingFlip,ENTERED BEAR_CALL exp=2026-02-17 sell=25950 buy=26450 cr=121.10
2026-02-13 12:35:00,BULLISH,PendingFlip,ENTERED BULL_PUT exp=2026-02-17 sell=25600 buy=25100 cr=84.20
2026-02-13 13:50:00,BEARISH,PendingFlip,ENTERED BEAR_CALL exp=2026-02-17 sell=25500 buy=26000 cr=110.60
2026-02-16 09:35:00,BULLISH,PendingFlip,ENTERED BULL_PUT exp=2026-02-17 sell=25500 buy=25000 cr=70.25
2026-02-16 09:50:00,BEARISH,PendingFlip,ENTERED BEAR_CALL exp=2026-02-17 sell=25450 buy=25950 cr=84.55
2026-02-16 10:15:00,BULLISH,PendingFlip,ENTERED BULL_PUT exp=2026-02-17 sell=25550 buy=25050 cr=74.85
2026-02-17 09:20:00,BEARISH,PendingFlip,ENTERED BEAR_CALL exp=2026-02-24 sell=25600 buy=26100 cr=136.20
2026-02-17 10:10:00,BULLISH,PendingFlip,ENTERED BULL_PUT exp=2026-02-24 sell=25700 buy=25200 cr=136.70
2026-02-17 14:15:00,BEARISH,PendingFlip,ENTERED BEAR_CALL exp=2026-02-24 sell=25700 buy=26200 cr=140.20
2026-02-18 13:25:00,BULLISH,PendingFlip,ENTERED BULL_PUT exp=2026-02-24 sell=25750 buy=25250 cr=104.95
2026-02-19 09:40:00,BEARISH,PendingFlip,ENTERED BEAR_CALL exp=2026-02-24 sell=25800 buy=26300 cr=108.00
2026-02-20 09:50:00,BULLISH,PendingFlip,ENTERED BULL_PUT exp=2026-02-24 sell=25500 buy=25000 cr=92.05
2026-02-20 13:15:00,BEARISH,PendingFlip,ENTERED BEAR_CALL exp=2026-02-24 sell=25550 buy=26050 cr=121.10
2026-02-20 14:50:00,BULLISH,PendingFlip,ENTERED BULL_PUT exp=2026-02-24 sell=25650 buy=25150 cr=98.20
2026-02-23 10:50:00,BEARISH,PendingFlip,ENTERED BEAR_CALL exp=2026-02-24 sell=25650 buy=26150 cr=103.95
2026-02-23 15:05:00,BULLISH,PendingFlip,ENTERED BULL_PUT exp=2026-02-24 sell=25700 buy=25200 cr=63.40
2026-02-24 09:20:00,BEARISH,PendingFlip,ENTERED BEAR_CALL exp=2026-03-02 sell=25550 buy=26050 cr=179.20
2026-02-24 15:25:00,BULLISH,PendingFlip,ENTERED BULL_PUT exp=2026-03-02 sell=25450 buy=24950 cr=123.95
2026-02-25 12:35:00,BEARISH,PendingFlip,ENTERED BEAR_CALL exp=2026-03-02 sell=25550 buy=26050 cr=125.60
2026-02-26 09:20:00,BULLISH,PendingFlip,ENTERED BULL_PUT exp=2026-03-02 sell=25500 buy=25000 cr=84.95
2026-02-26 11:45:00,BEARISH,PendingFlip,ENTERED BEAR_CALL exp=2026-03-02 sell=25500 buy=26000 cr=109.70
2026-02-26 14:45:00,BULLISH,PendingFlip,ENTERED BULL_PUT exp=2026-03-02 sell=25500 buy=25000 cr=90.45
2026-02-27 09:20:00,BEARISH,PendingFlip,ENTERED BEAR_CALL exp=2026-03-02 sell=25400 buy=25900 cr=103.60
2026-03-02 09:15:00,BEARISH,Target-ReEntry,ENTERED BEAR_CALL exp=2026-03-10 sell=24900 buy=25400 cr=196.95
2026-03-02 09:35:00,BULLISH,PendingFlip,ENTERED BULL_PUT exp=2026-03-10 sell=24950 buy=24450 cr=131.45
2026-03-02 10:45:00,BEARISH,PendingFlip,ENTERED BEAR_CALL exp=2026-03-10 sell=24800 buy=25300 cr=216.35
2026-03-02 14:10:00,BULLISH,PendingFlip,ENTERED BULL_PUT exp=2026-03-10 sell=24800 buy=24300 cr=154.95
2026-03-04 14:05:00,BULLISH,PendingFlip,ENTERED BULL_PUT exp=2026-03-10 sell=24500 buy=24000 cr=154.05
2026-03-04 15:20:00,BEARISH,PendingFlip,ENTERED BEAR_CALL exp=2026-03-10 sell=24450 buy=24950 cr=228.45
2026-03-05 09:25:00,BULLISH,PendingFlip,ENTERED BULL_PUT exp=2026-03-10 sell=24550 buy=24050 cr=128.30
2026-03-06 09:20:00,BEARISH,PendingFlip,ENTERED BEAR_CALL exp=2026-03-10 sell=24650 buy=25150 cr=159.30
2026-03-09 11:30:00,BULLISH,PendingFlip,ENTERED BULL_PUT exp=2026-03-10 sell=23900 buy=23400 cr=135.30
2026-03-10 10:40:00,BULLISH,Target-ReEntry,ENTERED BULL_PUT exp=2026-03-17 sell=24200 buy=23700 cr=153.70
2026-03-11 09:55:00,BEARISH,PendingFlip,ENTERED BEAR_CALL exp=2026-03-17 sell=24150 buy=24650 cr=199.05
2026-03-12 10:40:00,BULLISH,PendingFlip,ENTERED BULL_PUT exp=2026-03-17 sell=23700 buy=23200 cr=146.25
2026-03-12 14:45:00,BEARISH,PendingFlip,ENTERED BEAR_CALL exp=2026-03-17 sell=23650 buy=24150 cr=198.80
2026-03-16 11:20:00,BULLISH,PendingFlip,ENTERED BULL_PUT exp=2026-03-17 sell=23200 buy=22700 cr=135.20
2026-03-17 10:05:00,BULLISH,Target-ReEntry,FAIL:no_next_expiry
2026-03-17 11:25:00,BEARISH,PendingFlip,FAIL:no_next_expiry
2026-03-17 13:10:00,BULLISH,PendingFlip,FAIL:no_next_expiry
