entry_time,exit_time,type,entry_spot,sell_strike,buy_strike,sell_entry,buy_entry,sell_exit,buy_exit,net_credit,exit_spread,pnl_per_unit,gross_pnl,charges,total_pnl,exit_reason,expiry,days_held,overnight,is_next_expiry,equity_at_entry,margin_at_entry,margin_req,elm_component,elm_raw,margin_util_pct
2024-10-01 09:15:00,2024-10-03 09:15:00,BEAR_CALL,25897.35,25900,26400,105.75,9.44,4.25,0.75,96.31,3.5,92.81,18097.95,125.10131917969998,17972.8486808203,Target,2024-10-03,2,True,False,300000,73376,80713,0,101000,24.5
2024-10-03 09:15:00,2024-10-04 09:55:00,BEAR_CALL,25530.45,25550,26050,227.9,34.54,76.55,11.2,193.36,65.35,128.01000000000002,24961.950000000004,170.38457407970003,24791.565425920304,Reversal,2024-10-10,1,True,True,317973,104249,114674,31913,99569,32.8
2024-10-04 09:55:00,2024-10-04 12:40:00,BULL_PUT,25279.3,25300,24800,177.45,57.0,182.6,59.9,120.44999999999999,122.69999999999999,-2.25,-438.75,181.18747927849998,-619.9374792785,Reversal,2024-10-10,0,False,False,342764,71625,78787,0,98589,20.9
2024-10-04 12:40:00,2024-10-08 10:35:00,BEAR_CALL,25203.1,25200,25700,273.95,54.1,57.85,6.35,219.85,51.5,168.35,32828.25,181.87187861750002,32646.3781213825,Reversal,2024-10-10,4,True,False,342144,71409,78550,0,98292,20.9
2024-10-08 10:35:00,2024-10-09 14:20:00,BULL_PUT,24932.15,24950,24450,174.9,39.0,45.85,2.8,135.9,43.050000000000004,92.85,18105.75,151.0729371065,17954.6770628935,Reversal,2024-10-10,1,True,False,374791,70641,77705,0,97235,18.8
2024-10-09 14:20:00,2024-10-10 10:10:00,BEAR_CALL,25055.15,25050,25550,97.55,3.4,87.7,1.0,94.14999999999999,86.7,7.449999999999989,1452.7499999999977,129.6985700795,1323.0514299204976,Reversal,2024-10-10,1,True,False,392746,70990,78089,0,97715,18.1
2024-10-10 10:10:00,2024-10-11 09:15:00,BULL_PUT,25116.95,25100,24600,141.44,30.65,216.0,52.05,110.78999999999999,163.95,-53.16,-10366.199999999999,169.6581675482,-10535.858167548198,Reversal,2024-10-17,1,True,True,394069,102561,112817,31396,97956,26.0
2024-10-11 09:15:00,2024-10-14 09:15:00,BEAR_CALL,24954.1,24950,25450,198.1,27.15,177.9,15.45,170.95,162.45000000000002,8.499999999999972,1657.4999999999945,171.56055861800002,1485.9394413819946,Reversal,2024-10-17,3,True,False,383533,70703,77774,0,97321,18.4
2024-10-14 09:15:00,2024-10-15 09:50:00,BULL_PUT,25055.95,25050,24550,142.25,18.89,68.8,5.35,123.36,63.449999999999996,59.910000000000004,11682.45,142.98515009270002,11539.464849907301,Reversal,2024-10-17,1,True,False,385019,70992,78091,0,97718,18.4
2024-10-15 09:50:00,2024-10-16 14:25:00,BEAR_CALL,25097.0,25100,25600,130.8,5.2,44.0,1.25,125.60000000000001,42.75,82.85000000000001,16155.750000000002,135.29728418750003,16020.452715812502,Reversal,2024-10-17,1,True,False,396558,71108,78219,0,97878,17.9
2024-10-16 14:25:00,2024-10-16 15:20:00,BULL_PUT,25050.35,25050,24550,83.6,2.8,108.6,2.1,80.8,106.5,-25.700000000000003,-5011.500000000001,127.92236057299999,-5139.422360573001,Reversal,2024-10-17,0,False,False,412579,70976,78074,0,97696,17.2
2024-10-16 15:20:00,2024-10-17 11:30:00,BEAR_CALL,24959.35,24950,25450,80.45,1.35,3.8,0.95,79.10000000000001,2.8499999999999996,76.25000000000001,14868.750000000004,117.3988972265,14751.351102773504,Target,2024-10-17,1,True,False,407439,70718,77790,0,97341,17.4
2024-10-17 11:30:00,2024-10-18 09:45:00,BEAR_CALL,24782.35,24800,25300,166.7,20.2,111.0,11.95,146.5,99.05,47.45,9252.75,155.4072076055,9097.3427923945,Reversal,2024-10-24,1,True,True,422191,101195,111314,30978,96651,24.0
2024-10-18 09:45:00,2024-10-21 09:30:00,BULL_PUT,24703.8,24700,24200,170.05,39.4,63.4,8.69,130.65,54.71,75.94,14808.3,152.9376327302,14655.3623672698,Reversal,2024-10-24,3,True,False,431288,69994,76994,0,96345,16.2
2024-10-21 09:30:00,2024-10-21 13:55:00,BEAR_CALL,24819.7,24800,25300,176.15,12.6,124.25,7.8,163.55,116.45,47.10000000000001,9184.500000000002,157.371491804,9027.128508196001,Reversal,2024-10-24,0,False,False,445943,70322,77355,0,96797,15.8
2024-10-21 13:55:00,2024-10-22 10:15:00,BULL_PUT,24854.3,24850,24350,140.85,15.5,154.8,13.65,125.35,141.15,-15.800000000000011,-3081.0000000000023,152.152362824,-3233.1523628240025,Reversal,2024-10-24,1,True,False,454970,70421,77463,0,96932,15.5
2024-10-22 10:15:00,2024-10-23 11:30:00,BEAR_CALL,24719.75,24700,25200,143.85,7.65,56.55,1.7,136.2,54.849999999999994,81.35,15863.249999999998,140.3540961425,15722.895903857498,Reversal,2024-10-24,1,True,False,451737,70039,77043,0,96407,15.5
2024-10-23 11:30:00,2024-10-24 09:25:00,BULL_PUT,24592.55,24600,24100,94.7,9.0,188.05,3.45,85.7,184.60000000000002,-98.90000000000002,-19285.500000000004,138.89385527599998,-19424.393855276005,Reversal,2024-10-24,1,True,False,467460,69679,76647,0,95911,14.9
2024-10-24 09:25:00,2024-10-25 15:15:00,BEAR_CALL,24409.35,24400,24900,228.0,38.6,66.05,7.05,189.4,59.0,130.4,25428.0,168.697131311,25259.302868689,Reversal,2024-10-31,1,True,True,448036,99672,109639,30512,95196,22.2
2024-10-25 15:15:00,2024-10-28 15:00:00,BULL_PUT,24208.15,24200,23700,147.4,28.3,53.7,9.0,119.10000000000001,44.7,74.4,14508.000000000002,144.922835792,14363.077164208002,Reversal,2024-10-31,3,True,False,473295,68590,75449,0,94412,14.5
2024-10-28 15:00:00,2024-10-29 13:00:00,BEAR_CALL,24307.65,24300,24800,166.7,9.1,138.69,5.45,157.6,133.24,24.359999999999985,4750.199999999997,155.06398402220003,4595.136015977797,Reversal,2024-10-31,1,True,False,487658,68872,75759,0,94800,14.1
2024-10-29 13:00:00,2024-10-30 13:55:00,BULL_PUT,24344.9,24350,23850,105.9,10.0,65.4,3.15,95.9,62.25000000000001,33.65,6561.75,131.22790500349998,6430.5220949965,Reversal,2024-10-31,1,True,False,492253,68977,75875,0,94945,14.0
2024-10-30 13:55:00,2024-10-31 12:00:00,BEAR_CALL,24365.4,24350,24850,102.7,2.15,5.9,1.05,100.55,4.8500000000000005,95.7,18661.5,123.844224134,18537.655775866,Target,2024-10-31,1,True,False,498684,69035,75939,0,95025,13.8
2024-10-31 12:00:00,2024-11-01 18:00:00,BEAR_CALL,24240.25,24250,24750,233.95,46.25,232.45,50.5,187.7,181.95,5.75,1121.25,197.6677893845,923.5822106155,Reversal,2024-11-07,1,True,True,517221,98981,108879,30300,94537,19.1
2024-11-01 18:00:00,2024-11-04 09:15:00,BULL_PUT,24342.35,24350,23850,256.89,78.95,272.45,81.34,177.94,191.10999999999999,-13.169999999999987,-2568.1499999999974,218.94960038690002,-2787.0996003868972,Reversal,2024-11-07,3,True,False,518145,68970,75867,0,94935,13.3
2024-11-04 09:15:00,2024-11-04 14:45:00,BEAR_CALL,24115.25,24100,24600,270.0,52.9,131.6,16.25,217.1,115.35,101.75,19841.25,189.8923395725,19651.3576604275,Reversal,2024-11-07,0,False,False,515358,68327,75159,0,94049,13.3
2024-11-04 14:45:00,2024-11-05 11:40:00,BULL_PUT,23984.55,24000,23500,227.05,62.0,242.75,63.85,165.05,178.9,-13.849999999999994,-2700.749999999999,201.74243235950001,-2902.492432359499,Reversal,2024-11-07,1,True,False,535009,67956,74752,0,93540,12.7
2024-11-05 11:40:00,2024-11-05 13:25:00,BEAR_CALL,23867.35,23850,24350,225.3,39.7,250.4,42.45,185.60000000000002,207.95,-22.349999999999966,-4358.249999999994,194.0434608455,-4552.293460845493,Reversal,2024-11-07,0,False,False,532107,67624,74387,0,93083,12.7
2024-11-05 13:25:00,2024-11-06 12:00:00,BULL_PUT,24049.0,24050,23550,219.3,49.85,13.55,5.8,169.45000000000002,7.750000000000001,161.70000000000002,31531.500000000004,162.31795575499999,31369.182044245004,Target,2024-11-07,1,True,False,527554,68139,74953,0,93791,12.9
2024-11-06 12:00:00,2024-11-07 09:20:00,BULL_PUT,24439.75,24450,23950,111.65,10.7,73.8,1.05,100.95,72.75,28.200000000000003,5499.000000000001,133.038194036,5365.961805964001,Reversal,2024-11-07,1,True,False,558924,69246,76171,0,95315,12.4
2024-11-07 09:20:00,2024-11-08 09:45:00,BEAR_CALL,24397.1,24400,24900,234.75,45.8,116.7,12.95,188.95,103.75,85.19999999999999,16613.999999999996,177.28222022600002,16436.717779773997,Reversal,2024-11-14,1,True,True,564290,99621,109584,30496,95149,17.7
2024-11-08 09:45:00,2024-11-11 09:15:00,BULL_PUT,24247.4,24250,23750,161.0,35.6,285.0,55.65,125.4,229.35,-103.94999999999999,-20270.249999999996,182.56850246749997,-20452.818502467497,Reversal,2024-11-14,3,True,False,580726,68701,75571,0,94565,11.8
2024-11-11 09:15:00,2024-11-11 09:45:00,BEAR_CALL,24061.2,24050,24550,137.69,13.2,195.85,18.6,124.49,177.25,-52.760000000000005,-10288.2,156.0517572242,-10444.251757224201,Reversal,2024-11-14,0,False,False,560273,68173,74991,0,93839,12.2
2024-11-11 09:45:00,2024-11-11 13:15:00,BULL_PUT,24171.9,24150,23650,134.35,15.65,90.6,8.3,118.69999999999999,82.3,36.39999999999999,7097.999999999998,143.244286907,6954.755713092998,Reversal,2024-11-14,0,False,False,549829,68487,75336,0,94270,12.5
2024-11-11 13:15:00,2024-11-12 09:55:00,BEAR_CALL,24189.3,24200,24700,133.85,7.55,86.2,4.7,126.3,81.5,44.8,8736.0,141.01071704900002,8594.989282951,Reversal,2024-11-14,1,True,False,556784,68536,75390,0,94338,12.3
2024-11-12 09:55:00,2024-11-12 12:40:00,BULL_PUT,24229.05,24250,23750,178.15,15.65,225.7,19.35,162.5,206.35,-43.849999999999994,-8550.749999999998,170.30335237550003,-8721.053352375498,Reversal,2024-11-14,0,False,False,565379,68649,75514,0,94493,12.1
2024-11-12 12:40:00,2024-11-13 13:30:00,BEAR_CALL,24050.05,24050,24550,119.25,8.05,6.75,1.65,111.2,5.1,106.10000000000001,20689.5,129.187394291,20560.312605709,Target,2024-11-14,1,True,False,556658,68142,74956,0,93795,12.2
2024-11-13 13:30:00,2024-11-14 12:30:00,BEAR_CALL,23642.2,23650,24150,90.8,4.25,3.2,0.5,86.55,2.7,83.85,16350.749999999998,120.3430647125,16230.406935287498,Target,2024-11-14,1,True,False,577218,66986,73685,0,92205,11.6
2024-11-14 12:30:00,2024-11-18 12:25:00,BEAR_CALL,23521.7,23500,24000,179.15,22.25,131.15,7.35,156.9,123.80000000000001,33.099999999999994,6454.499999999999,159.53146573700002,6294.968534262999,Reversal,2024-11-21,4,True,True,593449,96047,105652,29402,91735,16.2
2024-11-18 12:25:00,2024-11-19 14:50:00,BULL_PUT,23542.5,23550,23050,148.3,17.75,52.05,2.65,130.55,49.4,81.15,15824.250000000002,142.3416870725,15681.908312927502,Reversal,2024-11-21,1,True,False,599744,66704,73374,0,91816,11.1
2024-11-19 14:50:00,2024-11-21 09:45:00,BEAR_CALL,23636.75,23650,24150,94.0,1.85,4.45,0.85,92.15,3.6,88.55000000000001,17267.250000000004,121.2253503245,17146.024649675503,Target,2024-11-21,2,True,False,615426,66971,73668,0,92183,10.9
2024-11-21 09:45:00,2024-11-22 09:20:00,BEAR_CALL,23296.95,23300,23800,216.4,35.35,267.85,45.85,181.05,222.00000000000003,-40.95000000000002,-7985.250000000004,193.67067903350002,-8178.920679033504,Reversal,2024-11-28,1,True,True,632572,95129,104642,29121,90858,15.0
2024-11-22 09:20:00,2024-11-25 10:30:00,BULL_PUT,23499.5,23500,23000,210.05,56.5,13.1,5.45,153.55,7.6499999999999995,145.9,28450.5,160.20347801300005,28290.296521987,Target,2024-11-28,3,True,False,624393,66582,73240,0,91648,10.7
2024-11-25 10:30:00,2024-11-25 12:55:00,BULL_PUT,24319.95,24300,23800,139.85,25.6,204.75,40.7,114.25,164.05,-49.80000000000001,-9711.000000000002,164.642281967,-9875.642281967002,Reversal,2024-11-28,0,False,False,652683,68907,75797,0,94848,10.6
2024-11-25 12:55:00,2024-11-26 09:15:00,BEAR_CALL,24158.0,24150,24650,181.75,22.0,210.15,20.7,159.75,189.45000000000002,-29.700000000000017,-5791.500000000004,170.866347698,-5962.366347698004,Reversal,2024-11-28,1,True,False,642807,68448,75292,0,94216,10.6
2024-11-26 09:15:00,2024-11-26 12:20:00,BULL_PUT,24310.35,24300,23800,142.4,22.85,203.45,28.85,119.55000000000001,174.6,-55.04999999999998,-10734.749999999996,161.7105946565,-10896.460594656497,Reversal,2024-11-28,0,False,False,636845,68879,75767,0,94810,10.8
2024-11-26 12:20:00,2024-11-27 12:30:00,BEAR_CALL,24146.15,24150,24650,128.1,8.0,168.0,4.84,120.1,163.16,-43.06,-8396.7,146.6812315922,-8543.3812315922,Reversal,2024-11-28,1,True,False,625948,68414,75256,0,94170,10.9
2024-11-27 12:30:00,2024-11-28 10:30:00,BULL_PUT,24287.25,24300,23800,96.0,5.3,56.75,1.14,90.7,55.61,35.09,6842.550000000001,126.7564257497,6715.793574250301,Reversal,2024-11-28,1,True,False,617405,68814,75695,0,94720,11.1
2024-11-28 10:30:00,2024-11-29 09:55:00,BEAR_CALL,24225.8,24250,24750,231.7,36.65,120.55,14.75,195.04999999999998,105.8,89.24999999999999,17403.749999999996,176.4704658995,17227.279534100497,Reversal,2024-12-05,1,True,True,624121,98922,108814,30282,94481,15.8
2024-11-29 09:55:00,2024-12-02 09:15:00,BULL_PUT,24063.3,24050,23550,175.8,45.15,138.75,25.9,130.65,112.85,17.80000000000001,3471.0000000000023,166.420588328,3304.579411672002,Reversal,2024-12-05,3,True,False,641348,68179,74997,0,93847,10.6
2024-12-02 09:15:00,2024-12-02 10:15:00,BEAR_CALL,24037.75,24050,24550,181.05,19.6,247.85,29.6,161.45000000000002,218.25,-56.79999999999998,-11075.999999999996,176.23818410300004,-11252.238184102996,Reversal,2024-12-05,0,False,False,644653,68107,74918,0,93747,10.6
2024-12-02 10:15:00,2024-12-04 11:55:00,BULL_PUT,24172.05,24150,23650,127.2,21.35,37.29,2.95,105.85,34.339999999999996,71.50999999999999,13944.449999999999,135.6001722977,13808.849827702299,Reversal,2024-12-05,2,True,False,633400,68487,75336,0,94271,10.8
2024-12-04 11:55:00,2024-12-04 13:30:00,BEAR_CALL,24414.0,24400,24900,146.05,7.0,158.44,5.05,139.05,153.39,-14.339999999999975,-2796.299999999995,150.78373878020003,-2947.0837387801953,Reversal,2024-12-05,0,False,False,647209,69173,76090,0,95215,10.7
2024-12-04 13:30:00,2024-12-05 09:50:00,BULL_PUT,24513.45,24500,24000,130.85,14.35,191.0,22.6,116.5,168.4,-51.900000000000006,-10120.500000000002,154.940132744,-10275.440132744001,Reversal,2024-12-05,1,True,False,644262,69455,76400,0,95602,10.8
2024-12-05 09:50:00,2024-12-05 12:05:00,BEAR_CALL,24406.55,24400,24900,276.45,72.75,297.35,85.6,203.7,211.75000000000003,-8.05000000000004,-1569.7500000000077,227.1898818545,-1796.9398818545078,Reversal,2024-12-12,0,False,True,633987,99660,109626,30508,95186,15.7
2024-12-05 12:05:00,2024-12-05 14:50:00,BULL_PUT,24516.75,24500,24000,263.64,96.35,130.1,43.65,167.29,86.44999999999999,80.84,15763.800000000001,199.4047589162,15564.395241083801,Reversal,2024-12-12,0,False,True,632190,100110,110121,30646,95615,15.8
2024-12-05 14:50:00,2024-12-10 15:05:00,BEAR_CALL,24624.8,24600,25100,321.45,81.4,111.35,9.65,240.04999999999998,101.69999999999999,138.35,26978.25,203.03973592550003,26775.2102640745,Reversal,2024-12-12,5,True,True,647754,100551,110606,30781,96037,15.5
2024-12-10 15:05:00,2024-12-12 12:00:00,BULL_PUT,24620.3,24600,24100,121.4,9.35,43.4,1.55,112.05000000000001,41.85,70.20000000000002,13689.000000000004,133.08853699099998,13555.911463009004,Reversal,2024-12-12,2,True,False,674529,69758,76733,0,96019,10.3
2024-12-12 12:00:00,2024-12-13 11:30:00,BEAR_CALL,24574.0,24550,25050,221.2,36.35,86.3,12.3,184.85,74.0,110.85,21615.75,169.84882847449998,21445.9011715255,Reversal,2024-12-19,1,True,True,688085,100344,110378,30717,95839,14.6
2024-12-13 11:30:00,2024-12-16 12:05:00,BULL_PUT,24355.15,24350,23850,213.45,49.0,67.34,9.5,164.45,57.84,106.60999999999999,20788.949999999997,166.3724041127,20622.5775958873,Reversal,2024-12-19,3,True,False,709531,69006,75907,0,94985,9.7
2024-12-16 12:05:00,2024-12-19 09:15:00,BEAR_CALL,24612.7,24600,25100,198.1,32.5,7.05,3.5,165.6,3.55,162.04999999999998,31599.749999999996,153.7139610245,31446.036038975497,Target,2024-12-19,3,True,False,730154,69736,76710,0,95990,9.6
2024-12-26 09:15:00,2024-12-26 10:45:00,BULL_PUT,23835.4,23850,23350,165.5,37.0,205.5,45.4,128.5,160.1,-31.599999999999994,-6161.999999999999,174.11595624199998,-6336.115956241999,Reversal,2025-01-02,0,False,True,761600,97328,107061,29794,92958,12.8
2024-12-27 09:15:00,2024-12-27 14:50:00,BULL_PUT,23823.05,23800,23300,157.0,34.5,109.95,14.85,122.5,95.10000000000001,27.39999999999999,5342.999999999998,154.687520969,5188.3124790309985,Reversal,2025-01-02,0,False,False,755264,67499,74249,0,92910,8.9
2024-12-30 10:45:00,2024-12-30 13:00:00,BULL_PUT,23840.5,23850,23350,123.85,11.5,163.05,19.1,112.35,143.95000000000002,-31.600000000000023,-6162.000000000005,149.326487525,-6311.326487525004,Reversal,2025-01-02,0,False,False,760452,67548,74303,0,92978,8.9
2024-12-31 13:35:00,2025-01-02 13:00:00,BULL_PUT,23647.2,23650,23150,134.69,15.35,5.3,0.85,119.34,4.45,114.89,22403.55,133.75628185969998,22269.7937181403,Target,2025-01-02,2,True,False,754141,67000,73700,0,92224,8.9
2025-01-02 13:00:00,2025-01-03 09:40:00,BULL_PUT,24061.0,24050,23550,206.1,61.7,157.8,32.45,144.39999999999998,125.35000000000001,19.04999999999997,3714.749999999994,179.75438477149999,3534.995615228494,Reversal,2025-01-09,1,True,True,776411,98249,108074,30076,93838,12.7
2025-01-03 09:40:00,2025-01-07 09:15:00,BEAR_CALL,24083.4,24100,24600,194.3,31.8,48.2,6.1,162.5,42.1,120.4,23478.0,156.93449025200002,23321.065509748,Reversal,2025-01-09,4,True,False,779946,68236,75060,0,93925,8.7
2025-01-07 09:15:00,2025-01-08 10:20:00,BULL_PUT,23754.0,23750,23250,174.05,33.79,154.1,7.3,140.26000000000002,146.79999999999998,-6.539999999999964,-1275.299999999993,161.1344112812,-1436.434411281193,Reversal,2025-01-09,1,True,False,803267,67303,74033,0,92641,8.4
2025-01-08 10:20:00,2025-01-08 13:50:00,BEAR_CALL,23602.3,23600,24100,103.45,5.65,105.3,4.75,97.8,100.55,-2.75,-536.25,134.1149891645,-670.3649891645,Reversal,2025-01-09,0,False,False,801830,66873,73561,0,92049,8.3
2025-01-08 13:50:00,2025-01-09 10:45:00,BULL_PUT,23671.35,23650,23150,79.8,4.25,71.7,1.3,75.55,70.4,5.1499999999999915,1004.2499999999983,123.53449364149999,880.7155063584983,Reversal,2025-01-09,1,True,False,801160,67069,73776,0,92318,8.4
2025-01-09 10:45:00,2025-01-10 11:00:00,BEAR_CALL,23554.4,23550,24050,227.55,39.45,166.45,22.25,188.10000000000002,144.2,43.900000000000034,8560.500000000007,181.675910891,8378.824089109008,Reversal,2025-01-16,1,True,True,802041,96180,105799,29443,91862,12.0
2025-01-10 11:00:00,2025-01-10 14:20:00,BULL_PUT,23512.3,23500,23000,168.75,39.0,198.25,42.5,129.75,155.75,-26.0,-5070.0,173.75176905499998,-5243.751769055,Reversal,2025-01-16,0,False,False,810419,66618,73280,0,91698,8.2
2025-01-10 14:20:00,2025-01-14 09:15:00,BEAR_CALL,23420.15,23400,23900,189.8,26.85,48.2,6.8,162.95000000000002,41.400000000000006,121.55000000000001,23702.250000000004,155.44716723950003,23546.802832760502,Reversal,2025-01-16,4,True,False,805176,66357,72993,0,91339,8.2
2025-01-14 09:15:00,2025-01-15 13:25:00,BULL_PUT,23210.45,23200,22700,103.1,15.6,56.5,5.09,87.5,51.41,36.09,7037.550000000001,130.6998439427,6906.850156057301,Reversal,2025-01-16,1,True,False,828722,65763,72339,0,90521,7.9
2025-01-15 13:25:00,2025-01-16 09:15:00,BEAR_CALL,23173.65,23150,23650,96.6,2.95,174.75,3.7,93.64999999999999,171.05,-77.40000000000002,-15093.000000000004,137.78977214,-15230.789772140004,Reversal,2025-01-16,1,True,False,835629,65659,72225,0,90377,7.9
2025-01-16 09:15:00,2025-01-17 09:15:00,BULL_PUT,23335.75,23350,22850,172.15,39.79,233.25,56.4,132.36,176.85,-44.48999999999998,-8675.549999999996,181.68720456169999,-8857.237204561696,Reversal,2025-01-23,1,True,True,820398,95288,104816,29170,91009,11.6
2025-01-17 09:15:00,2025-01-17 12:15:00,BEAR_CALL,23181.75,23200,23700,199.3,33.79,215.35,31.85,165.51000000000002,183.5,-17.98999999999998,-3508.049999999996,180.3081169427,-3688.358116942696,Reversal,2025-01-23,0,False,False,811541,65682,72250,0,90409,8.1
2025-01-17 12:15:00,2025-01-21 09:55:00,BULL_PUT,23257.3,23250,22750,194.4,49.6,102.35,13.6,144.8,88.75,56.05000000000001,10929.750000000002,165.35927506849998,10764.390724931502,Reversal,2025-01-23,4,True,False,807853,65896,72485,0,90703,8.2
2025-01-21 09:55:00,2025-01-21 11:45:00,BEAR_CALL,23299.15,23300,23800,172.95,14.85,139.94,12.7,158.1,127.24,30.86,6017.7,159.4181189372,5858.2818810628,Reversal,2025-01-23,0,False,False,818617,66014,72616,0,90867,8.1
2025-01-21 11:45:00,2025-01-21 12:15:00,BULL_PUT,23370.95,23350,22850,190.65,29.55,209.45,35.15,161.1,174.29999999999998,-13.199999999999989,-2573.9999999999977,177.93560602399998,-2751.935606023998,Reversal,2025-01-23,0,False,False,824476,66218,72839,0,91147,8.0
2025-01-21 12:15:00,2025-01-22 14:55:00,BEAR_CALL,23161.35,23150,23650,206.55,25.3,59.45,2.4,181.25,57.050000000000004,124.19999999999999,24218.999999999996,159.71992333100002,24059.280076668998,Reversal,2025-01-23,1,True,False,821724,65624,72186,0,90329,8.0
2025-01-22 14:55:00,2025-01-23 12:30:00,BULL_PUT,23159.4,23150,22650,69.9,4.05,3.45,1.25,65.85000000000001,2.2,63.650000000000006,12411.750000000002,114.76621614950001,12296.983783850501,Target,2025-01-23,1,True,False,845783,65618,72180,0,90322,7.8
2025-01-23 12:30:00,2025-01-24 09:45:00,BULL_PUT,23264.55,23250,22750,163.1,39.15,190.4,47.5,123.94999999999999,142.9,-18.950000000000017,-3695.250000000003,172.89540239450002,-3868.1454023945034,Reversal,2025-01-30,1,True,True,858080,94997,104497,29081,90732,11.1
2025-01-24 09:45:00,2025-01-24 11:10:00,BEAR_CALL,23182.75,23200,23700,224.8,37.95,209.35,31.65,186.85000000000002,177.7,9.150000000000034,1784.2500000000066,187.15421236249998,1597.0957876375066,Reversal,2025-01-30,0,False,False,854212,65684,72253,0,90413,7.7
2025-01-24 11:10:00,2025-01-24 13:00:00,BULL_PUT,23279.2,23300,22800,190.7,39.95,210.7,44.5,150.75,166.2,-15.449999999999989,-3012.7499999999977,181.5625349855,-3194.3125349854977,Reversal,2025-01-30,0,False,False,855809,65958,72554,0,90789,7.7
2025-01-24 13:00:00,2025-01-28 11:00:00,BEAR_CALL,23183.35,23200,23700,184.0,25.45,64.65,5.0,158.55,59.650000000000006,98.9,19285.5,154.663995233,19130.836004767,Reversal,2025-01-30,4,True,False,852615,65686,72255,0,90415,7.7
2025-01-28 11:00:00,2025-01-28 14:50:00,BULL_PUT,22972.7,22950,22450,178.45,31.3,118.2,15.15,147.14999999999998,103.05,44.09999999999998,8599.499999999996,161.15550155300002,8438.344498446997,Reversal,2025-01-30,0,False,False,871745,65089,71598,0,89594,7.5
2025-01-28 14:50:00,2025-01-29 10:20:00,BEAR_CALL,22970.35,22950,23450,183.75,18.75,236.5,30.05,165.0,206.45,-41.44999999999999,-8082.749999999998,176.0391032015,-8258.789103201498,Reversal,2025-01-30,1,True,False,880184,65083,71591,0,89584,7.4
2025-01-29 10:20:00,2025-01-30 14:10:00,BULL_PUT,23100.05,23100,22600,154.19,20.05,36.5,0.45,134.14,36.05,98.08999999999999,19127.55,142.19995150969999,18985.350048490298,Reversal,2025-01-30,1,True,False,871925,65450,71995,0,90090,7.5
2025-01-30 14:10:00,2025-01-30 15:20:00,BEAR_CALL,23167.6,23150,23650,394.65,167.9,419.0,170.0,226.74999999999997,249.0,-22.25000000000003,-4338.7500000000055,302.3495156765,-4641.099515676506,Reversal,2025-02-06,0,False,True,890910,94601,104061,28959,90354,10.6
2025-01-30 15:20:00,2025-02-01 11:50:00,BULL_PUT,23281.05,23300,22800,282.14,115.3,132.75,49.2,166.83999999999997,83.55,83.28999999999998,16241.549999999996,207.9634672757,16033.586532724295,Reversal,2025-02-06,2,True,True,886269,95064,104571,29101,90796,10.7
2025-02-01 11:50:00,2025-02-04 09:15:00,BEAR_CALL,23396.6,23400,23900,298.0,74.8,153.94,9.94,223.2,144.0,79.19999999999999,15443.999999999998,199.78594022840005,15244.214059771599,Reversal,2025-02-06,3,True,False,902303,66290,72919,0,91247,7.3
2025-02-04 09:15:00,2025-02-04 10:35:00,BULL_PUT,23502.7,23500,23000,104.6,11.6,157.8,24.8,93.0,133.0,-40.0,-7800.0,145.120997444,-7945.120997444,Reversal,2025-02-06,0,False,False,917547,66591,73250,0,91661,7.3
2025-02-04 10:35:00,2025-02-04 11:45:00,BEAR_CALL,23427.25,23450,23950,172.5,16.75,183.05,14.35,155.75,168.70000000000002,-12.950000000000017,-2525.250000000003,163.70393718950004,-2688.9539371895034,Reversal,2025-02-06,0,False,False,909602,66377,73015,0,91366,7.3
2025-02-04 11:45:00,2025-02-06 09:30:00,BULL_PUT,23598.1,23600,23100,158.9,23.2,37.54,1.25,135.70000000000002,36.29,99.41000000000003,19384.950000000004,144.09416392070003,19240.855836079303,Reversal,2025-02-06,2,True,False,906913,66861,73547,0,92033,7.4
2025-02-06 09:30:00,2025-02-07 10:05:00,BEAR_CALL,23656.85,23650,24150,239.5,51.25,163.35,24.2,188.25,139.15,49.099999999999994,9574.499999999998,186.29015852900002,9388.209841470998,Reversal,2025-02-13,1,True,True,926154,96599,106259,29571,92262,10.4
2025-02-07 10:05:00,2025-02-07 10:15:00,BULL_PUT,23653.45,23650,23150,208.75,47.65,171.9,33.65,161.1,138.25,22.849999999999994,4455.749999999999,180.82516732850002,4274.924832671499,Reversal,2025-02-13,0,False,False,935542,67018,73720,0,92248,7.2
2025-02-07 10:15:00,2025-02-07 11:20:00,BEAR_CALL,23549.5,23550,24050,222.55,32.7,242.55,34.95,189.85000000000002,207.60000000000002,-17.75,-3461.25,189.90002413249996,-3651.1500241324998,Reversal,2025-02-13,0,False,False,939817,66724,73396,0,91843,7.1
2025-02-07 11:20:00,2025-02-07 13:10:00,BULL_PUT,23668.2,23650,23150,140.94,23.25,182.7,27.9,117.69,154.79999999999998,-37.109999999999985,-7236.449999999997,159.2556269777,-7395.705626977697,Reversal,2025-02-13,0,False,False,936166,67060,73766,0,92306,7.2
2025-02-07 13:10:00,2025-02-12 09:15:00,BEAR_CALL,23547.7,23550,24050,179.0,22.6,8.4,1.3,156.4,7.1000000000000005,149.3,29113.500000000004,147.063202319,28966.436797681003,Target,2025-02-13,5,True,False,928770,66718,73390,0,91836,7.2
2025-02-12 09:15:00,2025-02-12 11:40:00,BEAR_CALL,23032.25,23050,23550,127.7,8.4,58.3,3.55,119.3,54.75,64.55,12587.25,136.6128025085,12450.6371974915,Reversal,2025-02-13,0,False,False,957736,65258,71784,0,89826,6.8
2025-02-12 11:40:00,2025-02-13 11:30:00,BULL_PUT,23009.55,23000,22500,127.35,6.95,5.95,0.45,120.39999999999999,5.5,114.89999999999999,22405.5,130.931702441,22274.568297559,Target,2025-02-13,1,True,False,970187,65194,71713,0,89737,6.7
2025-02-13 11:30:00,2025-02-13 13:45:00,BULL_PUT,23201.95,23200,22700,157.85,34.79,224.9,53.1,123.06,171.8,-48.74000000000001,-9504.300000000001,175.6396827632,-9679.9396827632,Reversal,2025-02-20,0,False,True,992462,94741,104215,29002,90488,9.5
2025-02-13 13:45:00,2025-02-20 15:29:00,BEAR_CALL,23057.8,23050,23550,224.85,39.35,0.05,0.05,185.5,0.0,185.5,36172.5,160.154527709,36012.345472291,Expiry,2025-02-20,7,True,True,982782,94153,103568,28822,89925,9.6
2025-03-17 09:15:00,2025-03-18 09:15:00,BEAR_CALL,22502.65,22500,23000,136.55,8.0,188.85,6.9,128.55,181.95,-53.39999999999998,-10412.999999999996,151.423692089,-10564.423692088996,Reversal,2025-03-20,1,True,False,1018794,63758,70133,0,87760,6.3
2025-03-18 09:15:00,2025-03-20 09:15:00,BULL_PUT,22611.5,22600,22100,98.05,7.9,4.59,0.75,90.14999999999999,3.84,86.30999999999999,16830.449999999997,122.86313597270001,16707.586864027297,Target,2025-03-20,2,True,False,1008230,64066,70473,0,88185,6.4
2025-03-21 09:15:00,2025-03-21 13:50:00,BULL_PUT,23197.85,23200,22700,138.6,19.0,82.15,11.55,119.6,70.60000000000001,48.999999999999986,9554.999999999996,144.873715019,9410.126284980995,Reversal,2025-03-27,0,False,False,1024937,65727,72300,0,90472,6.4
2025-03-21 13:50:00,2025-03-24 09:15:00,BEAR_CALL,23283.2,23300,23800,151.75,12.95,244.25,25.1,138.8,219.15,-80.35,-15668.249999999998,165.97579865149999,-15834.225798651498,Reversal,2025-03-27,3,True,False,1034347,65969,72566,0,90804,6.4
2025-03-24 09:30:00,2025-03-25 10:50:00,BULL_PUT,23454.9,23450,22950,118.35,14.65,33.6,7.15,103.69999999999999,26.450000000000003,77.24999999999999,15063.749999999996,133.39959196249998,14930.350408037497,Reversal,2025-03-27,1,True,False,1018513,66456,73101,0,91474,6.5
2025-03-25 10:50:00,2025-03-27 10:00:00,BEAR_CALL,23718.0,23700,24200,160.5,19.55,16.25,1.8,140.95,14.45,126.49999999999999,24667.499999999996,142.499085203,24525.000914796998,Reversal,2025-03-27,2,True,False,1033443,67201,73921,0,92500,6.5
2025-03-27 10:00:00,2025-03-28 09:35:00,BULL_PUT,23594.65,23600,23100,143.9,33.15,177.2,30.3,110.75,146.89999999999998,-36.14999999999998,-7049.249999999995,161.12673696649998,-7210.376736966496,Reversal,2025-04-03,1,True,True,1057968,96345,105979,29493,92019,9.1
2025-03-28 09:35:00,2025-03-28 10:30:00,BEAR_CALL,23512.6,23500,24000,176.0,25.0,221.85,31.8,151.0,190.04999999999998,-39.04999999999998,-7614.749999999996,173.6393845295,-7788.389384529496,Reversal,2025-04-03,0,False,False,1050758,66619,73281,0,91699,6.3
2025-03-28 10:30:00,2025-03-28 12:30:00,BULL_PUT,23626.75,23650,23150,160.05,26.4,189.1,26.75,133.65,162.35,-28.69999999999999,-5596.499999999998,165.06909164900003,-5761.569091648998,Reversal,2025-04-03,0,False,False,1042970,66942,73637,0,92144,6.4
2025-03-28 12:30:00,2025-03-28 14:40:00,BEAR_CALL,23491.5,23500,24000,160.8,18.95,161.8,16.85,141.85000000000002,144.95000000000002,-3.0999999999999943,-604.4999999999989,159.482428892,-763.9824288919989,Reversal,2025-04-03,0,False,False,1037208,66559,73215,0,91617,6.4
2025-03-28 14:40:00,2025-04-01 09:15:00,BULL_PUT,23594.5,23600,23100,138.1,18.64,205.3,26.8,119.46,178.5,-59.040000000000006,-11512.800000000001,159.74445252919998,-11672.5444525292,Reversal,2025-04-03,4,True,False,1036444,66851,73536,0,92019,6.5
2025-04-01 09:15:00,2025-04-02 10:50:00,BEAR_CALL,23420.55,23400,23900,136.15,9.1,38.04,2.04,127.05000000000001,36.0,91.05000000000001,17754.750000000004,136.8170304779,17617.932969522102,Reversal,2025-04-03,1,True,False,1024772,66358,72994,0,91340,6.5
2025-04-02 10:50:00,2025-04-03 09:15:00,BULL_PUT,23293.7,23300,22800,85.3,8.9,136.8,7.6,76.39999999999999,129.20000000000002,-52.800000000000026,-10296.000000000005,132.929377718,-10428.929377718005,Reversal,2025-04-03,1,True,False,1042390,65999,72599,0,90845,6.3
2025-04-03 09:15:00,2025-04-07 09:15:00,BEAR_CALL,23219.65,23200,23700,179.95,25.05,5.2,2.2,154.89999999999998,3.0,151.89999999999998,29620.499999999996,147.509747912,29472.990252087995,Target,2025-04-09,4,True,True,1031961,94814,104295,29025,90557,9.2
2025-04-07 09:15:00,2025-04-07 15:00:00,BEAR_CALL,21888.35,21900,22400,560.5,183.2,410.7,142.0,377.3,268.7,108.60000000000002,21177.000000000004,341.146689332,20835.853310668004,Reversal,2025-04-09,0,False,False,1061434,62017,68219,0,85365,5.8
2025-04-07 15:00:00,2025-04-09 09:15:00,BULL_PUT,22109.6,22100,21600,333.45,172.65,56.2,6.75,160.79999999999998,49.45,111.34999999999998,21713.249999999996,208.73112620150002,21504.518873798497,Reversal,2025-04-09,2,True,False,1082269,62644,68908,0,86227,5.8
2025-04-09 09:15:00,2025-04-11 09:15:00,BEAR_CALL,22410.55,22400,22900,346.05,122.3,503.4,185.45,223.75,317.95,-94.19999999999999,-18368.999999999996,296.575458836,-18665.575458835996,Reversal,2025-04-17,2,True,True,1103774,91510,100661,28013,87401,8.3
2025-04-11 09:15:00,2025-04-11 14:15:00,BULL_PUT,22765.2,22750,22250,225.0,87.7,215.9,86.5,137.3,129.4,7.900000000000006,1540.5000000000011,207.347305913,1333.1526940870012,Reversal,2025-04-17,0,False,False,1085108,64501,70952,0,88784,5.9
2025-04-11 14:15:00,2025-04-15 09:15:00,BEAR_CALL,22780.65,22800,23300,245.85,68.0,522.2,154.0,177.85,368.20000000000005,-190.35000000000005,-37118.25000000001,256.99230293150003,-37375.24230293151,Reversal,2025-04-17,4,True,False,1086442,64545,71000,0,88845,5.9
2025-04-15 09:15:00,2025-04-17 09:20:00,BULL_PUT,23279.4,23300,22800,168.05,34.9,31.55,1.1,133.15,30.45,102.7,20026.5,147.088561328,19879.411438672,Reversal,2025-04-17,2,True,False,1049066,65958,72554,0,90790,6.3
2025-04-17 09:20:00,2025-04-17 09:45:00,BEAR_CALL,23318.05,23300,23800,234.15,47.75,272.8,61.85,186.4,210.95000000000002,-24.55000000000001,-4787.250000000002,204.5428411265,-4991.792841126502,Reversal,2025-04-24,0,False,True,1068946,95215,104737,29148,90940,8.9
2025-04-17 09:45:00,2025-04-21 12:45:00,BULL_PUT,23422.3,23400,22900,183.7,50.5,14.9,8.25,133.2,6.65,126.54999999999998,24677.249999999996,153.3115845305,24523.938415469496,Target,2025-04-24,4,True,True,1063954,95641,105205,29278,91347,9.0
2025-04-21 12:45:00,2025-04-23 10:10:00,BULL_PUT,24182.25,24200,23700,141.6,25.6,77.65,7.65,116.0,70.0,46.0,8970.0,144.80888157500002,8825.191118425,Reversal,2025-04-24,2,True,False,1088478,68516,75368,0,94311,6.3
2025-04-23 10:10:00,2025-04-23 13:50:00,BEAR_CALL,24190.65,24200,24700,103.25,7.8,108.5,6.4,95.45,102.1,-6.6499999999999915,-1296.7499999999984,134.9865321485,-1431.7365321484983,Reversal,2025-04-24,0,False,False,1097303,68540,75394,0,94344,6.2
2025-04-23 13:50:00,2025-04-24 14:35:00,BULL_PUT,24289.55,24300,23800,77.95,8.4,51.0,0.3,69.55,50.7,18.849999999999994,3675.749999999999,121.29142431950001,3554.458575680499,Reversal,2025-04-24,1,True,False,1095871,68820,75702,0,94729,6.3
2025-04-24 14:35:00,2025-04-25 09:15:00,BEAR_CALL,24238.75,24250,24750,204.0,38.4,249.35,45.75,165.6,203.6,-38.0,-7410.0,188.851326125,-7598.851326125,Reversal,2025-04-30,1,True,True,1099426,98975,108872,30298,94531,9.0
2025-04-25 09:15:00,2025-04-25 09:40:00,BULL_PUT,24325.7,24350,23850,170.8,47.0,221.4,63.1,123.80000000000001,158.3,-34.5,-6727.5,182.761519649,-6910.261519649,Reversal,2025-04-30,0,False,False,1091827,68923,75815,0,94870,6.3
2025-04-25 09:40:00,2025-04-25 13:05:00,BEAR_CALL,24208.15,24200,24700,218.95,37.35,108.85,19.89,181.6,88.96,92.64,18064.8,173.39643193519996,17891.403568064798,Reversal,2025-04-30,0,False,False,1084917,68590,75449,0,94412,6.3
2025-04-25 13:05:00,2025-04-29 12:25:00,BULL_PUT,24042.0,24050,23550,180.95,54.05,18.14,8.15,126.89999999999999,9.99,116.91,22797.45,153.11857547270003,22644.3314245273,Reversal,2025-04-30,4,True,False,1102808,68119,74931,0,93764,6.2
2025-04-29 12:25:00,2025-04-30 15:15:00,BEAR_CALL,24309.75,24300,24800,73.8,3.85,55.65,0.1,69.95,55.55,14.400000000000006,2808.000000000001,120.09532464200001,2687.904675358001,Expiry,2025-04-30,1,True,False,1125452,68878,75765,0,94808,6.1
2025-05-02 09:15:00,2025-05-02 10:50:00,BULL_PUT,24410.5,24400,23900,187.15,66.8,133.75,42.8,120.35000000000001,90.95,29.400000000000006,5733.000000000001,175.70785071499998,5557.292149285001,Reversal,2025-05-08,0,False,False,1128140,69163,76079,0,95201,6.1
2025-05-02 10:50:00,2025-05-05 09:15:00,BEAR_CALL,24427.4,24450,24950,219.4,32.65,136.9,17.45,186.75,119.45,67.3,13123.5,174.89617113200003,12948.603828868,Reversal,2025-05-08,3,True,False,1133698,69211,76132,0,95267,6.1
2025-05-05 09:15:00,2025-05-06 10:15:00,BULL_PUT,24436.9,24450,23950,143.3,32.25,114.75,17.64,111.05000000000001,97.11,13.940000000000012,2718.3000000000025,151.88959696220002,2566.4104030378026,Reversal,2025-05-08,1,True,False,1146646,69238,76162,0,95304,6.0
2025-05-06 10:15:00,2025-05-07 09:25:00,BEAR_CALL,24379.25,24400,24900,66.05,5.3,76.05,3.25,60.75,72.8,-12.049999999999997,-2349.7499999999995,120.7403820095,-2470.4903820094996,Reversal,2025-05-08,1,True,False,1149213,69075,75982,0,95079,6.0
2025-05-07 09:25:00,2025-05-07 10:05:00,BULL_PUT,24427.2,24450,23950,129.44,26.35,140.5,27.2,103.09,113.3,-10.209999999999994,-1990.9499999999987,152.4420804587,-2143.3920804586987,Reversal,2025-05-08,0,False,False,1146742,69210,76131,0,95266,6.0
2025-05-07 10:05:00,2025-05-08 15:15:00,BEAR_CALL,24304.95,24300,24800,107.65,4.25,5.75,0.15,103.4,5.6,97.80000000000001,19071.000000000004,125.137289414,18945.862710586003,Expiry,2025-05-08,1,True,False,1144599,68864,75750,0,94789,6.0
2025-05-09 09:15:00,2025-05-12 09:15:00,BEAR_CALL,24116.75,24100,24600,277.8,63.45,435.55,103.45,214.35000000000002,332.1,-117.75,-22961.25,243.82987055750002,-23205.0798705575,Reversal,2025-05-15,3,True,False,1163545,68331,75164,0,94055,5.9
2025-05-12 09:15:00,2025-05-13 09:20:00,BULL_PUT,24561.4,24550,24050,167.15,25.0,93.55,22.1,142.15,71.44999999999999,70.70000000000002,13786.500000000004,157.232136614,13629.267863386003,Reversal,2025-05-15,1,True,False,1140340,69591,76550,0,95789,6.1
2025-05-13 09:20:00,2025-05-14 09:40:00,BEAR_CALL,24782.5,24800,25300,217.0,42.35,70.34,6.0,174.65,64.34,110.31,21510.45,166.0656569447,21344.384343055302,Reversal,2025-05-15,1,True,False,1153969,70217,77239,0,96652,6.1
2025-05-14 09:40:00,2025-05-14 12:50:00,BULL_PUT,24742.8,24750,24250,155.15,13.85,240.55,21.6,141.3,218.95000000000002,-77.65,-15141.750000000002,165.7021632245,-15307.452163224501,Reversal,2025-05-15,0,False,False,1175313,70105,77115,0,96497,6.0
2025-05-14 12:50:00,2025-05-15 10:35:00,BEAR_CALL,24573.95,24550,25050,102.2,6.6,114.8,3.95,95.60000000000001,110.85,-15.249999999999986,-2973.7499999999973,134.4650425565,-3108.2150425564973,Reversal,2025-05-15,1,True,False,1160006,69626,76589,0,95838,6.0
2025-05-15 10:35:00,2025-05-19 14:45:00,BULL_PUT,24738.85,24750,24250,274.05,86.25,86.8,18.8,187.8,68.0,119.80000000000001,23361.000000000004,190.71473161699998,23170.285268383002,Reversal,2025-05-22,4,True,True,1156898,101017,111119,30924,96482,8.7
2025-05-19 14:45:00,2025-05-21 09:35:00,BEAR_CALL,24929.85,24950,25450,149.1,22.75,59.0,5.6,126.35,53.4,72.94999999999999,14225.249999999998,144.4300032635,14080.819996736498,Reversal,2025-05-22,2,True,False,1180068,70635,77698,0,97226,6.0
2025-05-21 09:35:00,2025-05-21 12:00:00,BULL_PUT,24807.75,24800,24300,134.0,11.85,98.65,8.35,122.15,90.30000000000001,31.849999999999994,6210.749999999999,143.5344886955,6067.215511304499,Reversal,2025-05-22,0,False,False,1194149,70289,77317,0,96750,5.9
2025-05-21 12:00:00,2025-05-22 10:55:00,BEAR_CALL,24781.55,24800,25300,129.75,12.6,7.45,2.15,117.15,5.300000000000001,111.85000000000001,21810.75,132.69535702849998,21678.0546429715,Target,2025-05-22,1,True,False,1200216,70214,77236,0,96648,5.9
2025-05-22 10:55:00,2025-05-22 14:55:00,BEAR_CALL,24605.15,24600,25100,233.4,59.05,222.6,49.75,174.35000000000002,172.85,1.5000000000000284,292.50000000000557,197.56682152399998,94.9331784760056,Reversal,2025-05-29,0,False,True,1221894,100471,110518,30756,95960,8.2
2025-05-22 14:55:00,2025-05-27 09:15:00,BULL_PUT,24616.8,24600,24100,183.9,49.2,87.65,19.39,134.7,68.26,66.43999999999998,12955.799999999997,162.7283745482,12793.071625451797,Reversal,2025-05-29,5,True,True,1221989,100519,110570,30771,96006,8.2
2025-05-27 09:15:00,2025-05-27 11:15:00,BEAR_CALL,24874.3,24850,25350,271.35,63.65,257.8,56.95,207.70000000000002,200.85000000000002,6.849999999999994,1335.7499999999989,213.56849584250003,1122.181504157499,Reversal,2025-05-29,0,False,False,1234782,70477,77525,0,97010,5.7
2025-05-27 11:15:00,2025-05-27 12:45:00,BULL_PUT,24913.85,24900,24400,189.5,44.05,201.7,45.4,145.45,156.29999999999998,-10.849999999999994,-2115.749999999999,181.04904990949998,-2296.799049909499,Reversal,2025-05-29,0,False,False,1235904,70589,77648,0,97164,5.7
2025-05-27 12:45:00,2025-05-29 09:15:00,BEAR_CALL,24848.85,24850,25350,248.0,58.85,117.25,6.3,189.15,110.95,78.2,15249.0,180.30486975199997,15068.695130248,Reversal,2025-05-29,2,True,False,1233607,70405,77446,0,96911,5.7
2025-05-29 09:15:00,2025-05-29 10:35:00,BULL_PUT,24847.95,24850,24350,218.7,63.8,254.35,68.34,154.89999999999998,186.01,-31.110000000000014,-6066.450000000003,201.85025572970002,-6268.300255729702,Reversal,2025-06-05,0,False,True,1248676,101462,111609,31060,96907,8.1
2025-05-29 10:35:00,2025-05-29 15:00:00,BEAR_CALL,24750.25,24750,25250,251.0,75.84,250.1,68.25,175.16,181.85,-6.689999999999998,-1304.5499999999995,211.4561624297,-1516.0061624296995,Reversal,2025-06-05,0,False,True,1242408,101064,111170,30938,96526,8.1
2025-05-29 15:00:00,2025-05-30 10:20:00,BULL_PUT,24797.75,24800,24300,180.3,37.6,221.3,56.4,142.70000000000002,164.9,-22.19999999999999,-4328.999999999998,182.702647628,-4511.702647627998,Reversal,2025-06-05,1,True,True,1240892,101257,111383,30997,96711,8.2
2025-05-30 10:20:00,2025-06-02 12:15:00,BEAR_CALL,24751.15,24750,25250,233.0,59.45,202.0,47.25,173.55,154.75,18.80000000000001,3666.0000000000023,194.98930657100001,3471.0106934290025,Reversal,2025-06-05,3,True,False,1236380,70128,77141,0,96529,5.7
2025-06-02 12:15:00,2025-06-03 09:30:00,BULL_PUT,24675.55,24700,24200,224.0,53.95,257.7,61.45,170.05,196.25,-26.19999999999999,-5108.999999999998,200.838925073,-5309.838925072998,Reversal,2025-06-05,1,True,False,1239851,69914,76905,0,96235,5.6
2025-06-03 09:30:00,2025-06-05 09:20:00,BEAR_CALL,24627.05,24650,25150,215.9,56.55,38.45,1.8,159.35000000000002,36.650000000000006,122.70000000000002,23926.500000000004,163.043843801,23763.456156199005,Reversal,2025-06-05,2,True,False,1234541,69777,76754,0,96045,5.7
2025-06-05 09:20:00,2025-06-05 13:25:00,BULL_PUT,24666.8,24650,24150,190.2,43.8,118.8,26.35,146.39999999999998,92.44999999999999,53.94999999999999,10520.249999999998,168.66293246450002,10351.587067535498,Reversal,2025-06-12,0,False,True,1258305,100723,110795,30833,96201,8.0
2025-06-05 13:25:00,2025-06-06 10:25:00,BEAR_CALL,24768.9,24750,25250,234.7,54.25,202.55,38.0,180.45,164.55,15.899999999999977,3100.4999999999955,192.489641585,2908.0103584149956,Reversal,2025-06-12,1,True,True,1268656,101140,111254,30961,96599,8.0
2025-06-06 10:25:00,2025-06-10 09:25:00,BULL_PUT,24831.55,24850,24350,197.4,37.95,28.9,4.85,159.45,24.049999999999997,135.39999999999998,26402.999999999996,156.291886433,26246.708113566998,Reversal,2025-06-12,4,True,False,1271564,70356,77392,0,96843,5.5
2025-06-10 09:25:00,2025-06-10 10:15:00,BEAR_CALL,25089.25,25100,25600,138.05,10.0,140.9,8.8,128.05,132.1,-4.049999999999983,-789.7499999999967,148.32943858250005,-938.0794385824968,Reversal,2025-06-12,0,False,False,1297811,71086,78195,0,97848,5.5
2025-06-10 10:15:00,2025-06-11 13:45:00,BULL_PUT,25158.8,25150,24650,103.7,11.65,66.85,3.7,92.05,63.14999999999999,28.900000000000006,5635.500000000001,131.043167717,5504.456832283001,Reversal,2025-06-12,1,True,False,1296873,71283,78412,0,98119,5.5
2025-06-11 13:45:00,2025-06-12 13:40:00,BEAR_CALL,25128.9,25150,25650,75.6,2.25,3.45,0.9,73.35,2.5500000000000003,70.8,13806.0,116.08998158600001,13689.910018414,Target,2025-06-12,1,True,False,1302377,71199,78318,0,98003,5.5
2025-06-12 13:40:00,2025-06-13 12:15:00,BEAR_CALL,24911.9,24900,25400,215.1,40.25,89.15,12.9,174.85,76.25,98.6,19227.0,168.918296762,19058.081703238,Reversal,2025-06-19,1,True,True,1316067,101724,111896,31140,97156,7.7
2025-06-13 12:15:00,2025-06-17 09:45:00,BULL_PUT,24723.95,24700,24200,181.9,49.8,62.8,12.15,132.10000000000002,50.65,81.45000000000002,15882.750000000004,158.03904678950002,15724.710953210504,Reversal,2025-06-19,4,True,False,1335125,70051,77056,0,96423,5.2
2025-06-17 09:45:00,2025-06-18 09:25:00,BEAR_CALL,24868.75,24850,25350,128.5,9.75,123.05,5.2,118.75,117.85,0.9000000000000057,175.5000000000011,143.097283895,32.402716105001105,Reversal,2025-06-19,1,True,False,1350850,70461,77508,0,96988,5.2
2025-06-18 09:25:00,2025-06-18 10:50:00,BULL_PUT,24897.2,24900,24400,105.2,10.15,112.7,7.7,95.05,105.0,-9.950000000000003,-1940.2500000000005,136.4620490225,-2076.7120490225007,Reversal,2025-06-19,0,False,False,1350882,70542,77596,0,97099,5.2
2025-06-18 10:50:00,2025-06-19 09:40:00,BEAR_CALL,24831.5,24850,25350,87.7,3.2,31.75,1.35,84.5,30.4,54.1,10549.5,122.13530162,10427.36469838,Reversal,2025-06-19,1,True,False,1348806,70356,77392,0,96843,5.2
2025-06-19 09:40:00,2025-06-19 15:25:00,BULL_PUT,24839.6,24850,24350,181.5,48.85,221.1,65.85,132.65,155.25,-22.599999999999994,-4406.999999999999,186.623106599,-4593.623106598999,Reversal,2025-06-26,0,False,True,1359233,101428,111571,31050,96874,7.5
2025-06-19 15:25:00,2025-06-20 09:15:00,BEAR_CALL,24744.7,24750,25250,206.45,33.2,251.5,41.9,173.25,209.6,-36.349999999999994,-7088.249999999999,188.1956520215,-7276.445652021499,Reversal,2025-06-26,1,True,True,1354639,101041,111145,30931,96504,7.5
2025-06-20 09:15:00,2025-06-23 09:15:00,BULL_PUT,24859.7,24850,24350,155.15,36.4,98.25,27.1,118.75,71.15,47.599999999999994,9281.999999999998,156.70738174699997,9125.292618253,Reversal,2025-06-26,3,True,False,1347363,70436,77479,0,96953,5.2
2025-06-23 09:15:00,2025-06-23 13:15:00,BEAR_CALL,24930.0,24950,25450,168.0,17.4,145.9,9.95,150.6,135.95000000000002,14.649999999999977,2856.7499999999955,158.0328099875,2698.7171900124954,Reversal,2025-06-26,0,False,False,1356488,70635,77698,0,97227,5.2
2025-06-23 13:15:00,2025-06-24 13:20:00,BULL_PUT,24976.25,25000,24500,154.1,29.95,49.05,8.3,124.14999999999999,40.75,83.39999999999999,16262.999999999998,146.32123968200003,16116.678760317998,Reversal,2025-06-26,1,True,False,1359187,70766,77843,0,97407,5.2
2025-06-24 13:20:00,2025-06-25 10:20:00,BEAR_CALL,25119.5,25100,25600,185.1,12.8,161.55,5.05,172.29999999999998,156.5,15.799999999999983,3080.999999999997,162.382595135,2918.617404864997,Reversal,2025-06-26,1,True,False,1375304,71172,78289,0,97966,5.2
2025-06-25 10:20:00,2025-06-26 10:40:00,BULL_PUT,25205.45,25200,24700,77.6,5.75,20.9,1.3,71.85,19.599999999999998,52.25,10188.75,118.5948801965,10070.1551198035,Reversal,2025-06-26,1,True,False,1378222,71415,78557,0,98301,5.2
2025-06-26 10:40:00,2025-06-26 13:15:00,BEAR_CALL,25306.8,25300,25800,231.05,45.5,265.6,53.3,185.55,212.3,-26.75,-5216.25,200.4859329335,-5416.7359329335,Reversal,2025-07-03,0,False,True,1388292,103336,113670,31633,98697,7.4
2025-06-26 13:15:00,2025-06-30 09:45:00,BULL_PUT,25430.9,25450,24950,195.45,51.35,74.05,11.9,144.1,62.15,81.94999999999999,15980.249999999998,162.84722563249997,15817.402774367498,Reversal,2025-07-03,4,True,True,1382876,103843,114227,31789,99181,7.5
2025-06-30 09:45:00,2025-07-01 09:25:00,BEAR_CALL,25569.4,25550,26050,170.75,15.9,128.15,10.55,154.85,117.60000000000001,37.249999999999986,7263.749999999997,157.2698918705,7106.480108129497,Reversal,2025-07-03,1,True,False,1398693,72447,79691,0,99721,5.2
2025-07-01 09:25:00,2025-07-02 10:05:00,BULL_PUT,25573.55,25550,25050,109.45,11.5,85.9,3.6,97.95,82.30000000000001,15.649999999999991,3051.749999999998,134.2682053835,2917.481794616498,Reversal,2025-07-03,1,True,False,1405800,72458,79704,0,99737,5.2
2025-07-02 10:05:00,2025-07-02 15:05:00,BEAR_CALL,25520.25,25500,26000,102.3,2.7,53.7,1.85,99.6,51.85,47.74999999999999,9311.249999999998,128.2018223465,9183.048177653498,Reversal,2025-07-03,0,False,False,1408717,72307,79538,0,99529,5.1
2025-07-02 15:05:00,2025-07-03 14:25:00,BULL_PUT,25472.1,25450,24950,62.0,2.25,19.95,0.25,59.75,19.7,40.05,7809.749999999999,113.5922220035,7696.157777996499,Reversal,2025-07-03,1,True,False,1417900,72171,79388,0,99341,5.1
2025-07-03 14:25:00,2025-07-04 14:40:00,BEAR_CALL,25453.6,25450,25950,186.0,28.95,147.75,17.4,157.05,130.35,26.700000000000017,5206.500000000004,166.25905286300002,5040.240947137004,Reversal,2025-07-10,1,True,True,1425596,103936,114329,31817,99269,7.3
2025-07-04 14:40:00,2025-07-09 14:30:00,BULL_PUT,25454.55,25450,24950,131.75,18.15,49.6,2.55,113.6,47.050000000000004,66.54999999999998,12977.249999999996,137.54983199149999,12839.700168008496,Reversal,2025-07-10,5,True,False,1430637,72121,79333,0,99273,5.0
2025-07-09 14:30:00,2025-07-10 14:55:00,BEAR_CALL,25457.4,25450,25950,93.45,2.55,1.85,0.3,90.9,1.55,89.35000000000001,17423.25,120.7537814345,17302.4962185655,Target,2025-07-10,1,True,False,1443476,72129,79342,0,99284,5.0
2025-07-10 14:55:00,2025-07-14 14:55:00,BEAR_CALL,25363.2,25350,25850,177.55,21.1,32.0,3.65,156.45000000000002,28.35,128.10000000000002,24979.500000000004,149.253633809,24830.246366191004,Reversal,2025-07-17,4,True,True,1460779,103566,113923,31704,98916,7.1
2025-07-14 14:55:00,2025-07-16 10:10:00,BULL_PUT,25105.1,25100,24600,94.75,7.95,42.15,1.3,86.8,40.85,45.949999999999996,8960.25,125.4048886745,8834.8451113255,Reversal,2025-07-17,2,True,False,1485609,71131,78244,0,97910,4.8
2025-07-16 10:10:00,2025-07-16 11:50:00,BEAR_CALL,25141.75,25150,25650,64.55,2.0,72.1,2.0,62.55,70.1,-7.549999999999997,-1472.2499999999995,119.34187320950001,-1591.5918732094995,Reversal,2025-07-17,0,False,False,1494444,71235,78358,0,98053,4.8
2025-07-16 11:50:00,2025-07-17 10:10:00,BULL_PUT,25209.65,25200,24700,76.0,1.55,45.45,0.75,74.45,44.7,29.75,5801.25,119.78679796249999,5681.4632020375,Reversal,2025-07-17,1,True,False,1492852,71427,78570,0,98318,4.8
2025-07-17 10:10:00,2025-07-21 09:50:00,BEAR_CALL,25160.1,25150,25650,161.1,17.0,67.95,6.25,144.1,61.7,82.39999999999999,16067.999999999998,148.214929649,15919.785070350998,Reversal,2025-07-24,4,True,True,1498534,102737,113011,31450,98124,6.9
2025-07-21 09:50:00,2025-07-22 11:05:00,BULL_PUT,25025.2,25050,24550,121.25,10.25,63.15,4.0,111.0,59.15,51.85,10110.75,135.5393867495,9975.2106132505,Reversal,2025-07-24,1,True,False,1514453,70905,77995,0,97598,4.7
2025-07-22 11:05:00,2025-07-23 09:15:00,BEAR_CALL,25056.05,25050,25550,99.15,4.05,113.55,2.45,95.10000000000001,111.1,-15.999999999999986,-3119.9999999999973,132.870990896,-3252.8709908959972,Reversal,2025-07-24,1,True,False,1524429,70992,78091,0,97719,4.7
2025-07-23 09:15:00,2025-07-24 10:05:00,BULL_PUT,25132.6,25150,24650,69.3,1.9,19.9,0.8,67.39999999999999,19.099999999999998,48.3,9418.5,115.73141749700001,9302.768582503,Reversal,2025-07-24,1,True,False,1521176,71209,78330,0,98017,4.7
2025-07-24 10:05:00,2025-07-28 10:20:00,BEAR_CALL,25159.4,25150,25650,153.05,14.7,37.35,4.1,138.35000000000002,33.25,105.10000000000002,20494.500000000004,142.49992709600002,20352.000072904004,Reversal,2025-07-31,4,True,True,1530479,102734,113008,31449,98122,6.7
2025-07-28 10:20:00,2025-07-28 12:40:00,BULL_PUT,24876.25,24900,24400,109.7,9.75,163.3,14.7,99.95,148.60000000000002,-48.65000000000002,-9486.750000000004,144.0566706935,-9630.806670693504,Reversal,2025-07-31,0,False,False,1550831,70483,77531,0,97017,4.5
2025-07-28 12:40:00,2025-07-29 13:30:00,BEAR_CALL,24771.75,24750,25250,136.1,13.8,83.15,7.95,122.3,75.2,47.099999999999994,9184.499999999998,142.81520333,9041.684796669999,Reversal,2025-07-31,1,True,False,1541200,70187,77205,0,96610,4.6
2025-07-29 13:30:00,2025-07-31 09:15:00,BULL_PUT,24760.05,24750,24250,86.9,5.7,101.8,3.7,81.2,98.1,-16.89999999999999,-3295.499999999998,128.937030203,-3424.4370302029984,Reversal,2025-07-31,2,True,False,1550241,70153,77169,0,96564,4.5
2025-07-31 09:15:00,2025-07-31 11:20:00,BEAR_CALL,24680.3,24700,25200,166.45,25.25,215.55,33.15,141.2,182.4,-41.20000000000002,-8034.000000000004,170.836711052,-8204.836711052003,Reversal,2025-08-07,0,False,True,1546817,100778,110856,30850,96253,6.5
2025-07-31 11:20:00,2025-07-31 15:00:00,BULL_PUT,24787.7,24800,24300,159.3,34.0,133.15,26.35,125.30000000000001,106.80000000000001,18.5,3607.5,160.503754964,3446.996245036,Reversal,2025-08-07,0,False,True,1538612,101216,111338,30985,96672,6.6
2025-07-31 15:00:00,2025-08-04 11:15:00,BEAR_CALL,24790.65,24800,25300,170.75,20.75,83.5,7.05,150.0,76.45,73.55,14342.25,152.8046273915,14189.4453726085,Reversal,2025-08-07,4,True,True,1542059,101228,111351,30988,96684,6.6
2025-08-04 11:15:00,2025-08-05 09:40:00,BULL_PUT,24667.95,24650,24150,119.7,15.95,117.5,12.0,103.75,105.5,-1.75,-341.25,142.6004071445,-483.85040714449997,Reversal,2025-08-07,1,True,False,1556249,69893,76882,0,96205,4.5
2025-08-05 09:40:00,2025-08-07 10:40:00,BEAR_CALL,24631.9,24650,25150,106.65,6.7,4.4,1.45,99.95,2.95,97.0,18915.0,125.31700289600002,18789.682997104,Target,2025-08-07,2,True,False,1555765,69790,76769,0,96064,4.5
2025-08-07 10:40:00,2025-08-07 14:15:00,BEAR_CALL,24435.75,24450,24950,151.2,18.2,141.35,14.4,133.0,126.94999999999999,6.050000000000011,1179.7500000000023,154.2826699445,1025.4673300555023,Reversal,2025-08-14,0,False,True,1574554,99779,109757,30545,95299,6.3
2025-08-07 14:15:00,2025-08-08 09:30:00,BULL_PUT,24467.3,24450,23950,140.45,22.45,96.5,14.4,117.99999999999999,82.1,35.89999999999999,7000.499999999998,147.738999194,6852.761000805998,Reversal,2025-08-14,1,True,True,1575580,99908,109899,30584,95422,6.3
2025-08-08 09:30:00,2025-08-11 10:35:00,BEAR_CALL,24509.25,24500,25000,155.4,15.25,106.95,8.45,140.15,98.5,41.650000000000006,8121.750000000001,150.51732341149997,7971.232676588501,Reversal,2025-08-14,3,True,False,1582433,69443,76387,0,95586,4.4
2025-08-11 10:35:00,2025-08-12 10:30:00,BULL_PUT,24458.1,24450,23950,105.65,11.7,38.65,4.35,93.95,34.3,59.650000000000006,11631.750000000002,129.2907829205,11502.459217079502,Reversal,2025-08-14,1,True,False,1590404,69298,76228,0,95387,4.4
2025-08-12 10:30:00,2025-08-13 09:55:00,BEAR_CALL,24581.75,24600,25100,108.35,4.8,82.8,2.0,103.55,80.8,22.75,4436.25,132.6595675085,4303.5904324915,Reversal,2025-08-14,1,True,False,1601906,69648,76613,0,95869,4.3
2025-08-13 09:55:00,2025-08-14 14:55:00,BULL_PUT,24598.6,24600,24100,68.45,2.8,1.65,0.15,65.65,1.5,64.15,12509.250000000002,113.7920097215,12395.457990278503,Target,2025-08-14,1,True,False,1606210,69696,76666,0,95935,4.3
2025-08-14 14:55:00,2025-08-18 12:10:00,BULL_PUT,24647.45,24650,24150,122.65,19.6,33.05,3.9,103.05000000000001,29.15,73.9,14410.500000000002,134.076898196,14276.423101804,Reversal,2025-08-21,4,True,True,1618605,100644,110708,30809,96125,6.2
2025-08-18 12:10:00,2025-08-19 12:00:00,BEAR_CALL,24873.65,24850,25350,159.7,12.35,161.05,4.85,147.35,156.20000000000002,-8.850000000000023,-1725.7500000000045,155.2083457085,-1880.9583457085046,Reversal,2025-08-21,1,True,False,1632882,70475,77523,0,97007,4.3
2025-08-19 12:00:00,2025-08-21 10:40:00,BULL_PUT,24963.5,24950,24450,72.1,4.9,4.15,1.1,67.19999999999999,3.0500000000000003,64.14999999999999,12509.249999999998,115.4701783175,12393.779821682498,Target,2025-08-21,2,True,False,1631001,70730,77803,0,97358,4.3
2025-08-21 10:40:00,2025-08-22 09:15:00,BULL_PUT,25135.8,25150,24650,120.9,18.95,163.35,16.35,101.95,147.0,-45.05,-8784.75,148.4283935165,-8933.1783935165,Reversal,2025-08-28,1,True,True,1643395,102638,112902,31420,98030,6.2
2025-08-22 09:15:00,2025-08-25 09:25:00,BEAR_CALL,25022.5,25000,25500,148.15,10.25,69.7,4.1,137.9,65.60000000000001,72.3,14098.5,143.59328858599997,13954.906711414,Reversal,2025-08-28,3,True,False,1634461,70897,77987,0,97588,4.3
2025-08-25 09:25:00,2025-08-26 09:15:00,BULL_PUT,24947.3,24950,24450,96.75,6.1,87.75,2.9,90.65,84.85,5.800000000000011,1131.0000000000023,130.244798405,1000.7552015950023,Reversal,2025-08-28,1,True,False,1648416,70684,77752,0,97294,4.3
2025-08-26 09:15:00,2025-08-28 09:25:00,BEAR_CALL,24850.55,24850,25350,107.5,2.5,5.25,2.15,105.0,3.1,101.9,19870.5,125.452083062,19745.047916938,Target,2025-08-28,2,True,False,1649417,70410,77451,0,96917,4.3
2025-08-28 09:25:00,2025-08-28 10:45:00,BEAR_CALL,24529.05,24550,25050,145.2,19.0,173.65,18.9,126.19999999999999,154.75,-28.55000000000001,-5567.250000000002,156.77451925250003,-5724.024519252502,Reversal,2025-09-02,0,False,True,1669162,100160,110176,30661,95663,6.0
2025-08-28 10:45:00,2025-08-28 13:30:00,BULL_PUT,24641.65,24650,24150,120.85,16.2,149.7,16.2,104.64999999999999,133.5,-28.85000000000001,-5625.750000000002,146.9325086585,-5772.682508658502,Reversal,2025-09-02,0,False,True,1663438,100620,110682,30802,96102,6.0
2025-08-28 13:30:00,2025-09-01 09:15:00,BEAR_CALL,24538.55,24550,25050,135.05,11.3,74.7,2.55,123.75000000000001,72.15,51.60000000000001,10062.000000000002,140.066863268,9921.933136732001,Reversal,2025-09-02,4,True,True,1657665,100199,110219,30673,95700,6.0
2025-09-01 09:15:00,2025-09-02 10:40:00,BULL_PUT,24523.5,24500,24000,54.15,2.45,3.4,1.0,51.699999999999996,2.4,49.3,9613.5,110.18953493,9503.31046507,Target,2025-09-02,1,True,False,1667587,69483,76432,0,95642,4.2
2025-09-02 10:40:00,2025-09-02 13:40:00,BULL_PUT,24736.65,24750,24250,117.3,17.0,142.8,20.7,100.3,122.10000000000001,-21.80000000000001,-4251.000000000002,146.659852814,-4397.659852814002,Reversal,2025-09-09,0,False,True,1677091,101008,111109,30921,96473,6.0
2025-09-02 13:40:00,2025-09-03 13:55:00,BEAR_CALL,24655.05,24650,25150,173.85,16.25,123.0,8.0,157.6,115.0,42.599999999999994,8306.999999999998,157.000627193,8149.9993728069985,Reversal,2025-09-09,1,True,True,1672693,100675,110742,30819,96155,6.0
2025-09-03 13:55:00,2025-09-04 12:15:00,BULL_PUT,24652.95,24650,24150,104.15,10.75,43.9,6.5,93.4,37.4,56.00000000000001,10920.000000000002,129.848511839,10790.151488161002,Reversal,2025-09-09,1,True,False,1680843,69850,76835,0,96147,4.2
2025-09-04 12:15:00,2025-09-05 09:15:00,BEAR_CALL,24784.65,24800,25300,121.95,7.95,97.85,3.8,114.0,94.05,19.950000000000003,3890.2500000000005,138.5237210765,3751.7262789235006,Reversal,2025-09-09,1,True,False,1691633,70223,77245,0,96660,4.2
2025-09-05 09:15:00,2025-09-05 10:10:00,BULL_PUT,24827.5,24850,24350,100.8,5.55,146.3,9.65,95.25,136.65,-41.400000000000006,-8073.000000000001,138.33064094899999,-8211.330640949001,Reversal,2025-09-09,0,False,False,1695385,70345,77379,0,96827,4.1
2025-09-05 10:10:00,2025-09-05 13:45:00,BEAR_CALL,24679.35,24700,25200,120.75,4.85,113.95,4.3,115.9,109.65,6.25,1218.75,139.47168202549997,1079.2783179745,Reversal,2025-09-09,0,False,False,1687174,69925,76917,0,96249,4.1
2025-09-05 13:45:00,2025-09-08 14:45:00,BULL_PUT,24742.85,24750,24250,86.25,5.2,17.15,2.05,81.05,15.099999999999998,65.95,12860.25,120.8208468095,12739.4291531905,Reversal,2025-09-09,3,True,False,1688253,70105,77115,0,96497,4.2
2025-09-08 14:45:00,2025-09-09 09:50:00,BEAR_CALL,24779.7,24800,25300,100.9,1.6,83.3,1.25,99.30000000000001,82.05,17.250000000000014,3363.7500000000027,130.1511400415,3233.5988599585025,Reversal,2025-09-09,1,True,False,1700992,70209,77230,0,96641,4.1
2025-09-09 09:50:00,2025-09-10 14:40:00,BULL_PUT,24858.75,24850,24350,111.5,18.1,54.9,7.8,93.4,47.1,46.300000000000004,9028.5,133.856194349,8894.643805651,Reversal,2025-09-16,1,True,True,1704226,101507,111657,31073,96949,6.0
2025-09-10 14:40:00,2025-09-11 12:30:00,BEAR_CALL,24918.4,24900,25400,168.0,11.7,194.35,9.45,156.3,184.9,-28.599999999999994,-5576.999999999999,161.64924810499997,-5738.649248104999,Reversal,2025-09-16,1,True,False,1713121,70602,77662,0,97182,4.1
2025-09-11 12:30:00,2025-09-15 15:15:00,BULL_PUT,25008.7,25000,24500,75.15,8.0,19.5,2.05,67.15,17.45,49.7,9691.5,118.198665761,9573.301334239,Reversal,2025-09-16,4,True,False,1707382,70858,77944,0,97534,4.2
2025-09-15 15:15:00,2025-09-16 09:30:00,BEAR_CALL,25065.1,25050,25550,79.25,1.55,82.0,0.85,77.7,81.15,-3.450000000000003,-672.7500000000006,123.92505219950002,-796.6750521995006,Reversal,2025-09-16,1,True,False,1716955,71018,78120,0,97754,4.1
2025-09-16 09:30:00,2025-09-18 13:00:00,BULL_PUT,25127.65,25150,24650,122.65,16.0,20.8,4.6,106.65,16.200000000000003,90.45,17637.75,132.8786085515,17504.8713914485,Reversal,2025-09-23,2,True,True,1716159,102605,112865,31410,97998,6.0
2025-09-18 13:00:00,2025-09-18 15:00:00,BEAR_CALL,25359.3,25350,25850,126.0,4.45,145.0,4.4,121.55,140.6,-19.049999999999997,-3714.7499999999995,143.64568120549998,-3858.3956812054994,Reversal,2025-09-23,0,False,False,1733663,71851,79036,0,98901,4.1
2025-09-18 15:00:00,2025-09-19 09:30:00,BULL_PUT,25421.5,25400,24900,59.05,5.65,86.45,5.05,53.4,81.4,-28.000000000000007,-5460.000000000002,120.24428420599999,-5580.244284206002,Reversal,2025-09-23,1,True,False,1729805,72028,79230,0,99144,4.2
2025-09-19 09:30:00,2025-09-23 09:55:00,BEAR_CALL,25340.8,25350,25850,88.55,2.45,5.5,1.55,86.1,3.95,82.14999999999999,16019.249999999998,120.05460047150002,15899.195399528498,Target,2025-09-23,4,True,False,1724225,71799,78979,0,98829,4.2
2025-09-23 09:55:00,2025-09-23 12:30:00,BEAR_CALL,25140.3,25150,25650,153.25,17.0,174.35,17.45,136.25,156.9,-20.650000000000006,-4026.750000000001,158.48843279150003,-4185.238432791501,Reversal,2025-09-30,0,False,True,1740124,102656,112922,31425,98047,5.9
2025-09-23 12:30:00,2025-09-24 09:15:00,BULL_PUT,25186.25,25200,24700,114.3,17.5,140.4,15.35,96.8,125.05000000000001,-28.250000000000014,-5508.750000000003,144.1801453565,-5652.930145356503,Reversal,2025-09-30,1,True,True,1735939,102844,113128,31483,98226,5.9
2025-09-24 09:15:00,2025-09-26 15:25:00,BEAR_CALL,25092.3,25100,25600,144.8,11.4,8.85,2.7,133.4,6.1499999999999995,127.25,24813.75,137.0338841825,24676.7161158175,Target,2025-09-30,2,True,False,1730286,71095,78204,0,97860,4.1
2025-09-26 15:25:00,2025-09-29 09:40:00,BEAR_CALL,24673.1,24650,25150,113.2,7.2,156.25,3.9,106.0,152.35,-46.349999999999994,-9038.249999999998,141.1914704465,-9179.441470446498,Reversal,2025-09-30,3,True,False,1754963,69907,76898,0,96225,4.0
2025-09-29 09:40:00,2025-09-29 11:35:00,BULL_PUT,24750.8,24750,24250,51.1,3.2,68.65,3.85,47.9,64.80000000000001,-16.900000000000013,-3295.5000000000023,115.93122358400001,-3411.4312235840025,Reversal,2025-09-30,0,False,False,1745783,70127,77140,0,96528,4.0
2025-09-29 11:35:00,2025-09-29 14:00:00,BEAR_CALL,24670.8,24650,25150,134.55,3.8,131.15,3.35,130.75,127.80000000000001,2.9499999999999886,575.2499999999977,144.4494637955,430.8005362044977,Reversal,2025-09-30,0,False,False,1742372,69901,76891,0,96216,4.0
2025-09-29 14:00:00,2025-09-29 15:00:00,BULL_PUT,24733.5,24750,24250,59.05,3.45,99.6,3.6,55.599999999999994,96.0,-40.400000000000006,-7878.000000000001,120.80444569100001,-7998.804445691001,Reversal,2025-09-30,0,False,False,1742802,70078,77086,0,96461,4.0
2025-09-29 15:00:00,2025-09-30 15:15:00,BEAR_CALL,24616.7,24600,25100,115.8,3.9,10.95,0.05,111.89999999999999,10.899999999999999,101.0,19695.0,127.79301364099999,19567.206986359,Expiry,2025-09-30,1,True,False,1734804,69747,76722,0,96005,4.0
2025-10-01 09:15:00,2025-10-01 11:15:00,BEAR_CALL,24620.5,24600,25100,160.2,11.8,205.4,13.7,148.39999999999998,191.70000000000002,-43.30000000000004,-8443.500000000007,161.64530879300003,-8605.145308793008,Reversal,2025-10-07,0,False,False,1754371,69758,76734,0,96020,4.0
2025-10-01 11:15:00,2025-10-06 12:25:00,BULL_PUT,24721.05,24700,24200,85.3,9.5,6.05,2.3,75.8,3.75,72.05,14049.75,120.02968208450001,13929.7203179155,Target,2025-10-07,5,True,False,1745766,70043,77047,0,96412,4.0
2025-10-06 12:25:00,2025-10-07 12:10:00,BULL_PUT,25006.0,25000,24500,44.4,3.45,2.3,0.5,40.949999999999996,1.7999999999999998,39.15,7634.25,107.3416590095,7526.9083409905,Target,2025-10-07,1,True,False,1759695,70850,77935,0,97523,4.0
2025-10-07 12:10:00,2025-10-07 15:05:00,BULL_PUT,25154.3,25150,24650,92.25,12.55,94.25,10.8,79.7,83.45,-3.75,-731.25,132.3240046055,-863.5740046055,Reversal,2025-10-14,0,False,True,1767222,102713,112985,31443,98102,5.8
2025-10-07 15:05:00,2025-10-08 13:55:00,BEAR_CALL,25111.25,25100,25600,157.0,10.05,133.75,8.4,146.95,125.35,21.599999999999994,4211.999999999999,152.843877596,4059.1561224039992,Reversal,2025-10-14,1,True,True,1766359,102538,112791,31389,97934,5.8
2025-10-08 13:55:00,2025-10-13 09:15:00,BULL_PUT,25127.85,25150,24650,100.75,9.6,42.9,3.65,91.15,39.25,51.900000000000006,10120.500000000002,127.92851344700001,9992.571486553003,Reversal,2025-10-14,5,True,False,1770418,71196,78315,0,97999,4.0
2025-10-13 09:15:00,2025-10-14 09:15:00,BEAR_CALL,25213.8,25200,25700,100.25,2.05,117.2,1.35,98.2,115.85000000000001,-17.650000000000006,-3441.750000000001,133.0159180355,-3574.765918035501,Reversal,2025-10-14,1,True,False,1780410,71439,78583,0,98334,4.0
2025-10-14 09:15:00,2025-10-14 10:15:00,BULL_PUT,25293.3,25300,24800,121.05,20.9,169.3,31.35,100.15,137.95000000000002,-37.80000000000001,-7371.000000000002,153.31860423800003,-7524.318604238002,Reversal,2025-10-20,0,False,True,1776836,103281,113609,31617,98644,5.8
2025-10-14 10:15:00,2025-10-15 09:15:00,BEAR_CALL,25181.6,25200,25700,177.4,19.6,172.65,12.15,157.8,160.5,-2.6999999999999886,-526.4999999999977,163.788644234,-690.2886442339977,Reversal,2025-10-20,1,True,True,1769311,102825,113107,31477,98208,5.8
2025-10-15 09:15:00,2025-10-17 13:05:00,BULL_PUT,25239.95,25250,24750,96.7,12.55,11.15,2.95,84.15,8.2,75.95,14810.25,124.08319911049998,14686.1668008895,Reversal,2025-10-20,2,True,False,1768621,71513,78665,0,98436,4.0
2025-10-17 13:05:00,2025-10-20 09:15:00,BEAR_CALL,25666.85,25650,26150,113.4,3.85,287.35,8.15,109.55000000000001,279.20000000000005,-169.65000000000003,-33081.75000000001,153.6449260325,-33235.39492603251,Reversal,2025-10-20,3,True,False,1783307,72723,79995,0,100101,4.1
2025-10-20 09:15:00,2025-10-23 14:00:00,BULL_PUT,25902.8,25900,25400,113.9,24.0,54.6,9.4,89.9,45.2,44.7,8716.5,135.45600679700001,8581.043993203,Reversal,2025-10-28,3,True,True,1750072,105770,116347,32378,101021,6.0
2025-10-23 14:00:00,2025-10-27 09:15:00,BEAR_CALL,25985.2,26000,26500,143.8,10.4,46.7,3.5,133.4,43.2,90.2,17589.0,140.215193372,17448.784806628,Reversal,2025-10-28,4,True,False,1758653,73625,80987,0,101342,4.2
2025-10-27 09:15:00,2025-10-28 10:05:00,BULL_PUT,25861.4,25850,25350,52.2,3.35,38.35,1.35,48.85,37.0,11.850000000000001,2310.7500000000005,112.8952310075,2197.8547689925003,Reversal,2025-10-28,1,True,False,1776102,73274,80601,0,100859,4.1
2025-10-28 10:05:00,2025-10-28 15:15:00,BEAR_CALL,25907.2,25900,26400,234.15,50.85,218.3,39.6,183.3,178.70000000000002,4.599999999999994,896.9999999999989,193.86523312699998,703.1347668729989,Reversal,2025-11-04,0,False,True,1778300,105788,116367,32384,101038,5.9
2025-10-28 15:15:00,2025-10-30 09:15:00,BULL_PUT,25962.2,25950,25450,140.15,22.75,93.8,11.05,117.4,82.75,34.650000000000006,6756.750000000001,146.51720218250003,6610.232797817501,Reversal,2025-11-04,2,True,True,1779003,106012,116614,32453,101253,6.0
2025-10-30 09:15:00,2025-11-03 10:40:00,BEAR_CALL,25985.15,26000,26500,155.75,17.2,24.15,2.3,138.55,21.849999999999998,116.70000000000002,22756.500000000004,141.80938272199998,22614.690617278004,Reversal,2025-11-04,4,True,False,1785613,73625,80987,0,101342,4.1
2025-11-03 10:40:00,2025-11-04 09:45:00,BULL_PUT,25771.05,25750,25250,63.4,3.3,75.6,1.1,60.1,74.5,-14.399999999999999,-2807.9999999999995,119.195660942,-2927.1956609419994,Reversal,2025-11-04,1,True,False,1808228,73018,80320,0,100507,4.0
2025-11-04 09:45:00,2025-11-07 11:30:00,BEAR_CALL,25693.1,25700,26200,192.4,29.7,30.65,2.5,162.70000000000002,28.15,134.55,26237.250000000004,153.68512430750002,26083.564875692504,Reversal,2025-11-11,3,True,True,1805300,104913,115405,32116,100203,5.8
2025-11-07 11:30:00,2025-11-10 15:10:00,BULL_PUT,25461.25,25450,24950,82.3,6.1,14.35,1.95,76.2,12.4,63.800000000000004,12441.0,119.532173261,12321.467826739,Reversal,2025-11-11,3,True,False,1831384,72140,79354,0,99299,3.9
2025-11-10 15:10:00,2025-11-11 12:20:00,BEAR_CALL,25565.45,25550,26050,103.3,1.65,40.8,0.4,101.64999999999999,40.4,61.24999999999999,11943.749999999998,126.8518861745,11816.898113825499,Reversal,2025-11-11,1,True,False,1843705,72435,79679,0,99705,3.9
2025-11-11 12:20:00,2025-11-13 09:15:00,BULL_PUT,25557.1,25550,25050,126.0,22.1,33.75,7.55,103.9,26.2,77.7,15151.5,136.29686142199998,15015.203138578,Reversal,2025-11-18,2,True,True,1855522,104358,114794,31946,99673,5.6
2025-11-13 09:15:00,2025-11-13 10:30:00,BEAR_CALL,25843.95,25850,26350,136.7,10.05,183.6,16.35,126.64999999999999,167.25,-40.60000000000001,-7917.000000000002,153.80167372100004,-8070.801673721002,Reversal,2025-11-18,0,False,False,1870538,73225,80547,0,100791,3.9
2025-11-13 10:30:00,2025-11-13 14:00:00,BULL_PUT,25925.1,25950,25450,123.4,18.15,128.65,20.6,105.25,108.05000000000001,-2.8000000000000114,-546.0000000000023,147.179910404,-693.1799104040023,Reversal,2025-11-18,0,False,False,1862467,73454,80800,0,101108,3.9
2025-11-13 14:00:00,2025-11-14 15:00:00,BEAR_CALL,25907.65,25900,26400,151.2,14.55,92.55,5.1,136.64999999999998,87.45,49.199999999999974,9593.999999999995,147.09978654199998,9446.900213457995,Reversal,2025-11-18,1,True,False,1861774,73405,80746,0,101040,3.9
2025-11-14 15:00:00,2025-11-18 09:45:00,BULL_PUT,25886.25,25900,25400,122.75,8.65,30.05,1.25,114.1,28.8,85.3,16633.5,132.145294301,16501.354705699,Reversal,2025-11-18,4,True,False,1871220,73344,80679,0,100956,3.9
2025-11-18 09:45:00,2025-11-18 11:45:00,BEAR_CALL,25927.45,25950,26450,187.45,28.15,189.25,27.05,159.29999999999998,162.2,-2.9000000000000057,-565.5000000000011,172.908451697,-738.4084516970012,Reversal,2025-11-25,0,False,True,1887722,105870,116457,32409,101117,5.6
2025-11-18 11:45:00,2025-11-18 15:05:00,BULL_PUT,25972.85,25950,25450,144.35,26.7,154.15,26.5,117.64999999999999,127.65,-10.000000000000014,-1950.0000000000027,157.607716871,-2107.6077168710026,Reversal,2025-11-25,0,False,True,1886983,106056,116661,32466,101294,5.6
2025-11-18 15:05:00,2025-11-19 10:30:00,BEAR_CALL,25905.4,25900,26400,195.95,27.0,194.6,20.7,168.95,173.9,-4.950000000000017,-965.2500000000033,173.87287409749996,-1139.1228740975032,Reversal,2025-11-25,1,True,True,1884876,105780,116358,32382,101031,5.6
2025-11-19 10:30:00,2025-11-21 09:15:00,BULL_PUT,25977.05,26000,25500,145.25,21.05,61.4,7.2,124.2,54.199999999999996,70.0,13650.0,143.868272087,13506.131727913,Reversal,2025-11-25,2,True,False,1883737,73602,80962,0,101310,3.9
2025-11-21 09:15:00,2025-11-21 12:45:00,BEAR_CALL,26138.75,26150,26650,107.25,5.6,110.15,4.7,101.65,105.45,-3.799999999999997,-740.9999999999994,135.575287751,-876.5752877509995,Reversal,2025-11-25,0,False,False,1897243,74060,81466,0,101941,3.9
2025-11-21 12:45:00,2025-11-21 14:55:00,BULL_PUT,26162.95,26150,25650,98.85,7.3,144.35,10.7,91.55,133.65,-42.10000000000001,-8209.500000000002,138.06378785600003,-8347.563787856001,Reversal,2025-11-25,0,False,False,1896366,74128,81541,0,102036,3.9
2025-11-21 14:55:00,2025-11-25 14:25:00,BEAR_CALL,26070.35,26050,26550,126.45,5.7,3.35,0.35,120.75,3.0,117.75,22961.25,130.3165544855,22830.9334455145,Target,2025-11-25,4,True,False,1888019,73866,81253,0,101674,3.9
2025-11-25 14:25:00,2025-11-26 09:15:00,BEAR_CALL,25973.65,25950,26450,190.35,23.95,179.1,15.85,166.4,163.25,3.1500000000000057,614.2500000000011,169.34905232749998,444.90094767250116,Reversal,2025-12-02,1,True,True,1910850,106059,116665,32467,101297,5.6
2025-11-26 09:15:00,2025-11-27 13:10:00,BULL_PUT,25969.65,25950,25450,96.9,11.1,31.0,4.8,85.80000000000001,26.2,59.60000000000001,11622.000000000002,126.26717479400001,11495.732825206002,Reversal,2025-12-02,1,True,False,1911295,73581,80939,0,101282,3.8
2025-11-27 13:10:00,2025-11-28 09:15:00,BEAR_CALL,26177.25,26200,26700,135.9,8.0,122.0,4.4,127.9,117.6,10.300000000000011,2008.5000000000023,144.679445489,1863.8205545110022,Reversal,2025-12-02,1,True,False,1922790,74169,81586,0,102091,3.9
2025-11-28 09:15:00,2025-12-01 11:40:00,BULL_PUT,26242.15,26250,25750,112.55,7.65,55.25,2.8,104.89999999999999,52.45,52.44999999999999,10227.749999999998,131.8749752975,10095.875024702498,Reversal,2025-12-02,3,True,False,1924654,74353,81788,0,102344,3.9
2025-12-01 11:40:00,2025-12-02 11:40:00,BEAR_CALL,26211.75,26200,26700,118.25,1.85,5.4,0.85,116.4,4.550000000000001,111.85000000000001,21810.75,128.0256705005,21682.7243294995,Target,2025-12-02,1,True,False,1934750,74267,81693,0,102226,3.8
2025-12-02 11:40:00,2025-12-03 15:10:00,BEAR_CALL,26063.3,26050,26550,194.55,23.6,114.9,8.75,170.95000000000002,106.15,64.80000000000001,12636.000000000002,162.87607153400003,12473.123928466002,Reversal,2025-12-09,1,True,True,1956433,106425,117068,32579,101647,5.4
2025-12-03 15:10:00,2025-12-04 12:45:00,BULL_PUT,25992.45,26000,25500,106.2,9.6,101.05,7.0,96.60000000000001,94.05,2.5500000000000114,497.2500000000022,135.47356192549998,361.77643807450227,Reversal,2025-12-09,1,True,False,1968906,73645,81010,0,101371,3.7
2025-12-04 12:45:00,2025-12-05 09:45:00,BEAR_CALL,25993.35,26000,26500,112.1,7.45,141.75,6.1,104.64999999999999,135.65,-31.000000000000014,-6045.000000000003,140.24451006200002,-6185.2445100620025,Reversal,2025-12-09,1,True,False,1969268,73648,81013,0,101374,3.7
2025-12-05 09:45:00,2025-12-08 09:50:00,BULL_PUT,26054.65,26050,25550,88.55,4.4,46.2,1.75,84.14999999999999,44.45,39.69999999999999,7741.499999999998,123.85614436699998,7617.643855632999,Reversal,2025-12-09,3,True,False,1963082,73822,81204,0,101613,3.8
2025-12-08 09:50:00,2025-12-09 09:25:00,BEAR_CALL,26083.05,26100,26600,80.75,1.9,4.55,1.7,78.85,2.8499999999999996,76.0,14820.0,117.80391610700002,14702.196083893,Target,2025-12-09,1,True,False,1970700,73902,81292,0,101724,3.8
2025-12-09 09:25:00,2025-12-09 11:10:00,BEAR_CALL,25800.1,25800,26300,197.35,27.4,202.0,27.0,169.95,175.0,-5.050000000000011,-984.7500000000023,176.6907658625,-1161.4407658625023,Reversal,2025-12-16,0,False,True,1985402,105350,115885,32250,100620,5.3
2025-12-09 11:10:00,2025-12-10 12:25:00,BULL_PUT,25865.0,25850,25350,125.0,18.4,126.85,13.55,106.6,113.3,-6.700000000000003,-1306.5000000000005,145.534200494,-1452.0342004940005,Reversal,2025-12-16,1,True,True,1984241,105615,116177,32331,100874,5.3
2025-12-10 12:25:00,2025-12-11 10:45:00,BEAR_CALL,25815.15,25800,26300,155.25,14.3,158.6,11.9,140.95,146.7,-5.75,-1121.25,155.88458843149996,-1277.1345884314999,Reversal,2025-12-16,1,True,False,1982789,73143,80457,0,100679,3.7
2025-12-11 10:45:00,2025-12-15 09:15:00,BULL_PUT,25832.8,25850,25350,102.5,10.0,33.9,2.6,92.5,31.299999999999997,61.2,11934.0,127.36702487,11806.63297513,Reversal,2025-12-16,4,True,False,1981512,73193,80512,0,100748,3.7
2025-12-15 09:15:00,2025-12-15 11:55:00,BEAR_CALL,25953.3,25950,26450,80.45,2.1,107.6,1.65,78.35000000000001,105.94999999999999,-27.59999999999998,-5381.999999999996,126.77589703400001,-5508.775897033996,Reversal,2025-12-16,0,False,False,1993318,73534,80888,0,101218,3.7
2025-12-15 11:55:00,2025-12-16 09:15:00,BULL_PUT,26016.1,26000,25500,58.4,2.65,90.7,1.5,55.75,89.2,-33.45,-6522.750000000001,119.19074204750001,-6641.940742047501,Reversal,2025-12-16,1,True,False,1987809,73712,81084,0,101463,3.7
2025-12-16 09:15:00,2025-12-18 10:20:00,BEAR_CALL,25943.3,25950,26450,155.9,13.4,68.5,4.5,142.5,64.0,78.5,15307.5,146.02199084900002,15161.478009151,Reversal,2025-12-23,2,True,True,1981167,105935,116529,32429,101179,5.3
2025-12-18 10:20:00,2025-12-18 14:10:00,BULL_PUT,25834.45,25850,25350,102.95,7.7,101.95,6.25,95.25,95.7,-0.45000000000000284,-87.75000000000055,134.27778877550003,-222.0277887755006,Reversal,2025-12-23,0,False,False,1996329,73198,80517,0,100754,3.7
2025-12-18 14:10:00,2025-12-19 09:15:00,BEAR_CALL,25805.25,25800,26300,122.7,5.85,172.15,7.05,116.85000000000001,165.1,-48.249999999999986,-9408.749999999996,145.97331988250002,-9554.723319882496,Reversal,2025-12-23,1,True,False,1996107,73115,80426,0,100640,3.7
2025-12-19 09:15:00,2025-12-23 09:25:00,BULL_PUT,25925.1,25950,25450,103.05,5.4,4.75,1.25,97.64999999999999,3.5,94.14999999999999,18359.25,124.18101840349999,18235.0689815965,Target,2025-12-23,4,True,False,1986552,73454,80800,0,101108,3.7
2025-12-23 09:25:00,2025-12-24 13:55:00,BULL_PUT,26149.65,26150,25650,108.5,14.65,66.59,4.45,93.85,62.14,31.709999999999994,6183.449999999999,132.8210992997,6050.628900700299,Reversal,2025-12-30,1,True,True,2004787,106778,117456,32687,101984,5.3
2025-12-24 13:55:00,2025-12-29 09:40:00,BEAR_CALL,26152.35,26150,26650,112.75,3.85,29.7,1.3,108.9,28.4,80.5,15697.5,128.93694888800002,15568.563051112,Reversal,2025-12-30,5,True,False,2010838,74098,81508,0,101994,3.7
2025-12-29 09:40:00,2025-12-29 10:40:00,BULL_PUT,26080.4,26100,25600,59.2,1.8,96.9,1.7,57.400000000000006,95.2,-37.8,-7370.999999999999,119.93764194799999,-7490.9376419479995,Reversal,2025-12-30,0,False,False,2026406,73894,81284,0,101714,3.6
2025-12-29 10:40:00,2025-12-30 10:20:00,BEAR_CALL,26003.4,26000,26500,65.59,1.75,20.95,0.7,63.84,20.25,43.59,8500.050000000001,114.75515722370001,8385.2948427763,Reversal,2025-12-30,1,True,False,2018916,73676,81044,0,101413,3.6
2025-12-30 10:20:00,2025-12-30 12:10:00,BULL_PUT,25968.7,25950,25450,94.25,9.4,115.8,10.05,84.85,105.75,-20.900000000000006,-4075.500000000001,134.286392585,-4209.786392585001,Reversal,2026-01-06,0,False,True,2027301,106039,116643,32461,101278,5.2
2025-12-30 12:10:00,2025-12-30 15:25:00,BEAR_CALL,25884.8,25900,26400,149.6,10.6,172.6,9.8,139.0,162.79999999999998,-23.799999999999983,-4640.999999999996,154.642654238,-4795.642654237997,Reversal,2026-01-06,0,False,True,2023091,105696,116266,32356,100951,5.2
2025-12-30 15:25:00,2026-01-02 14:25:00,BULL_PUT,25970.55,25950,25450,81.4,6.1,6.0,2.45,75.30000000000001,3.55,71.75000000000001,13991.250000000004,118.6879602485,13872.562039751503,Target,2026-01-06,3,True,True,2018295,106046,116651,32463,101285,5.3
2026-01-02 14:25:00,2026-01-05 13:45:00,BULL_PUT,26307.3,26300,25800,59.75,3.95,56.85,2.15,55.8,54.7,1.0999999999999943,214.4999999999989,116.88569410100001,97.61430589899888,Reversal,2026-01-06,3,True,False,2032168,74537,81991,0,102598,3.7
2026-01-05 13:45:00,2026-01-06 12:25:00,BEAR_CALL,26269.95,26250,26750,73.05,1.1,3.9,0.6,71.95,3.3,68.65,13386.750000000002,115.23909114950001,13271.510908850501,Target,2026-01-06,1,True,False,2032266,74432,81875,0,102453,3.7
2026-01-06 12:25:00,2026-01-09 11:55:00,BEAR_CALL,26161.85,26150,26650,152.65,10.25,9.35,2.25,142.4,7.1,135.3,26383.500000000004,139.02647793499997,26244.473522065004,Target,2026-01-13,3,True,True,2045537,106828,117510,32702,102031,5.2
2026-01-09 11:55:00,2026-01-12 12:20:00,BEAR_CALL,25743.25,25750,26250,111.75,5.85,36.6,2.9,105.9,33.7,72.2,14079.0,129.88486787300002,13949.115132127,Reversal,2026-01-13,3,True,False,2071782,72939,80233,0,100399,3.5
2026-01-12 12:20:00,2026-01-13 09:40:00,BULL_PUT,25644.85,25650,25150,85.7,4.84,33.29,1.55,80.86,31.74,49.120000000000005,9578.400000000001,121.9160434094,9456.483956590602,Reversal,2026-01-13,1,True,False,2085731,72660,79926,0,100015,3.5
2026-01-13 09:40:00,2026-01-13 15:05:00,BEAR_CALL,25730.2,25750,26250,171.5,27.15,138.0,16.39,144.35,121.61,22.739999999999995,4434.299999999999,160.94853127520003,4273.351468724799,Reversal,2026-01-20,0,False,True,2095187,105065,115571,32163,100348,5.0
2026-01-13 15:05:00,2026-01-14 13:50:00,BULL_PUT,25746.95,25750,25250,141.3,21.55,161.0,19.95,119.75000000000001,141.05,-21.299999999999997,-4153.499999999999,155.097983294,-4308.597983293999,Reversal,2026-01-20,1,True,True,2099460,105133,115647,32184,100413,5.0
2026-01-14 13:50:00,2026-01-16 09:45:00,BEAR_CALL,25638.95,25650,26150,136.9,13.15,165.15,8.15,123.75,157.0,-33.25,-6483.75,150.2375351105,-6633.9875351105,Reversal,2026-01-20,2,True,False,2095152,72644,79908,0,99992,3.5
2026-01-16 09:45:00,2026-01-16 13:00:00,BULL_PUT,25742.95,25750,25250,108.65,8.5,96.1,7.2,100.15,88.89999999999999,11.250000000000014,2193.7500000000027,135.67617168349997,2058.073828316503,Reversal,2026-01-20,0,False,False,2088518,72938,80232,0,100398,3.5
2026-01-16 13:00:00,2026-01-20 09:25:00,BEAR_CALL,25727.2,25750,26250,113.6,5.45,5.55,1.05,108.14999999999999,4.5,103.64999999999999,20211.75,127.12246875950002,20084.6275312405,Target,2026-01-20,4,True,False,2090576,72894,80183,0,100336,3.5
2026-01-20 09:25:00,2026-01-21 12:10:00,BEAR_CALL,25488.35,25500,26000,176.7,24.9,42.8,7.7,151.79999999999998,35.099999999999994,116.69999999999999,22756.499999999996,151.422370223,22605.077629776995,Reversal,2026-01-27,1,True,True,2110661,104077,114485,31860,99405,4.9
2026-01-21 12:10:00,2026-01-22 10:55:00,BULL_PUT,25136.15,25150,24650,155.9,38.8,81.55,15.55,117.10000000000001,66.0,51.10000000000001,9964.500000000002,152.459912534,9812.040087466003,Reversal,2026-01-27,1,True,False,2133266,71219,78341,0,98031,3.3
2026-01-22 10:55:00,2026-01-23 09:25:00,BEAR_CALL,25221.7,25200,25700,193.85,23.55,221.25,18.1,170.29999999999998,203.15,-32.85000000000002,-6405.750000000005,174.6088097525,-6580.358809752504,Reversal,2026-01-27,1,True,False,2143078,71461,78608,0,98365,3.3
2026-01-23 09:25:00,2026-01-23 13:15:00,BULL_PUT,25344.6,25350,24850,114.45,13.25,188.9,16.35,101.2,172.55,-71.35000000000001,-13913.250000000002,148.3853600585,-14061.635360058503,Reversal,2026-01-27,0,False,False,2136497,71810,78991,0,98844,3.4
2026-01-23 13:15:00,2026-01-27 09:40:00,BEAR_CALL,25148.95,25150,25650,130.8,7.65,67.15,2.2,123.15,64.95,58.2,11349.0,137.808986114,11211.191013886,Reversal,2026-01-27,4,True,False,2122436,71255,78381,0,98081,3.4
2026-01-27 09:40:00,2026-01-29 09:35:00,BULL_PUT,25147.6,25150,24650,283.25,116.55,137.15,37.0,166.7,100.15,66.54999999999998,12977.249999999996,205.38797338850003,12771.862026611496,Reversal,2026-02-03,2,True,True,2133647,102686,112955,31434,98076,4.8
2026-01-29 09:35:00,2026-01-29 12:50:00,BEAR_CALL,25225.7,25250,25750,219.75,48.35,242.95,52.6,171.4,190.35,-18.94999999999999,-3695.2499999999977,195.4229916995,-3890.6729916994977,Reversal,2026-02-03,0,False,False,2146419,71473,78620,0,98380,3.3
2026-01-29 12:50:00,2026-01-30 09:15:00,BULL_PUT,25329.25,25350,24850,189.85,50.15,227.25,60.7,139.7,166.55,-26.850000000000023,-5235.750000000005,188.1638254085,-5423.913825408505,Reversal,2026-02-03,1,True,False,2142528,71766,78943,0,98784,3.3
2026-01-30 09:15:00,2026-01-30 14:05:00,BEAR_CALL,25259.3,25250,25750,208.0,42.05,275.45,72.6,165.95,202.85,-36.900000000000006,-7195.500000000001,200.00938220299997,-7395.509382203001,Reversal,2026-02-03,0,False,False,2137104,71568,78725,0,98511,3.3
2026-01-30 14:05:00,2026-02-01 12:00:00,BULL_PUT,25365.65,25350,24850,196.5,53.3,226.45,49.9,143.2,176.54999999999998,-33.349999999999994,-6503.249999999999,187.22075057450002,-6690.470750574499,Reversal,2026-02-03,2,True,False,2129709,71869,79056,0,98926,3.4
2026-02-01 12:00:00,2026-02-01 12:35:00,BEAR_CALL,25251.85,25250,25750,203.8,48.9,88.1,20.95,154.9,67.14999999999999,87.75000000000001,17111.250000000004,168.6856399025,16942.564360097505,Reversal,2026-02-03,0,False,False,2123018,71547,78702,0,98482,3.4
2026-02-01 12:35:00,2026-02-01 15:15:00,BULL_PUT,25009.95,25000,24500,295.95,97.35,307.1,74.3,198.6,232.8,-34.20000000000002,-6669.000000000004,232.47827536100002,-6901.478275361003,Reversal,2026-02-03,0,False,False,2139961,70862,77948,0,97539,3.3
2026-02-01 15:15:00,2026-02-02 13:00:00,BEAR_CALL,24790.95,24800,25300,150.15,26.0,212.7,14.3,124.15,198.39999999999998,-74.24999999999997,-14478.749999999995,160.9162485845,-14639.666248584495,Reversal,2026-02-03,1,True,False,2133059,70241,77265,0,96685,3.3
2026-02-02 13:00:00,2026-02-03 09:25:00,BULL_PUT,24951.2,24950,24450,115.8,14.7,8.15,3.4,101.1,4.75,96.35,18788.25,129.42358919149999,18658.8264108085,Target,2026-02-03,1,True,False,2118420,70695,77765,0,97310,3.3
2026-02-03 09:25:00,2026-02-03 10:05:00,BULL_PUT,25786.25,25800,25300,266.5,86.05,297.35,101.0,180.45,196.35000000000002,-15.900000000000034,-3100.500000000007,229.867648667,-3330.367648667007,Reversal,2026-02-10,0,False,True,2137078,105294,115823,32233,100566,4.9
2026-02-03 10:05:00,2026-02-06 11:35:00,BEAR_CALL,25685.35,25700,26200,238.4,67.35,73.6,8.8,171.05,64.8,106.25000000000001,20718.750000000004,175.25089163450002,20543.499108365504,Reversal,2026-02-10,3,True,True,2133748,104882,115370,32107,100173,4.9
2026-02-06 11:35:00,2026-02-10 09:25:00,BULL_PUT,25627.85,25650,25150,131.6,14.05,4.4,1.95,117.55,2.45,115.1,22444.5,133.01184626,22311.48815374,Target,2026-02-10,4,True,False,2154292,72612,79873,0,99949,3.4
2026-02-10 09:25:00,2026-02-10 13:55:00,BULL_PUT,25917.6,25900,25400,127.9,27.2,121.3,21.75,100.7,99.55,1.1500000000000057,224.2500000000011,148.8941924345,75.3558075655011,Reversal,2026-02-17,0,False,True,2176603,105830,116413,32397,101079,4.9
2026-02-10 13:55:00,2026-02-11 09:15:00,BEAR_CALL,25910.85,25900,26400,171.15,19.45,198.0,18.7,151.70000000000002,179.3,-27.599999999999994,-5381.999999999999,166.085172299,-5548.085172298999,Reversal,2026-02-17,1,True,True,2176678,105803,116383,32389,101052,4.9
2026-02-11 09:15:00,2026-02-12 09:15:00,BULL_PUT,25985.0,26000,25500,116.3,16.9,157.5,19.15,99.4,138.35,-38.94999999999999,-7595.249999999998,147.23592760550002,-7742.485927605499,Reversal,2026-02-17,1,True,False,2171130,73624,80987,0,101342,3.4
2026-02-12 09:15:00,2026-02-16 09:25:00,BEAR_CALL,25855.25,25850,26350,152.65,11.5,9.55,3.25,141.15,6.300000000000001,134.85,26295.75,139.4308227785,26156.3191772215,Target,2026-02-17,4,True,False,2163388,73257,80582,0,100835,3.4
2026-02-16 09:25:00,2026-02-16 10:10:00,BEAR_CALL,25472.25,25450,25950,104.65,7.05,131.25,7.6,97.60000000000001,123.65,-26.049999999999997,-5079.749999999999,137.6390540465,-5217.389054046499,Reversal,2026-02-17,0,False,False,2189544,72171,79389,0,99342,3.3
2026-02-16 10:10:00,2026-02-17 09:20:00,BULL_PUT,25551.45,25550,25050,96.25,9.5,47.35,1.75,86.75,45.6,41.15,8024.25,126.53789245550001,7897.7121075445,Reversal,2026-02-17,1,True,False,2184327,72396,79635,0,99651,3.3
2026-02-17 09:20:00,2026-02-17 10:25:00,BEAR_CALL,25579.7,25600,26100,161.35,25.15,222.5,34.8,136.2,187.7,-51.5,-10042.5,170.48278129400003,-10212.982781294,Reversal,2026-02-24,0,False,True,2192225,104450,114895,31975,99761,4.8
2026-02-17 10:25:00,2026-02-19 10:10:00,BULL_PUT,25724.4,25700,25200,162.55,37.5,83.45,15.8,125.05000000000001,67.65,57.400000000000006,11193.000000000002,154.42380725900003,11038.576192741002,Reversal,2026-02-24,2,True,True,2182012,105041,115545,32156,100325,4.8
2026-02-19 10:10:00,2026-02-20 10:20:00,BEAR_CALL,25756.45,25750,26250,141.5,11.65,53.8,7.25,129.85,46.55,83.3,16243.5,141.350240246,16102.149759754,Reversal,2026-02-24,1,True,False,2193050,72977,80274,0,100450,3.3
2026-02-20 10:20:00,2026-02-24 09:15:00,BULL_PUT,25544.85,25550,25050,128.8,26.7,50.15,2.1,102.10000000000001,48.05,54.05000000000001,10539.750000000002,137.40737938249998,10402.342620617503,Reversal,2026-02-24,4,True,False,2209152,72377,79615,0,99625,3.3
2026-02-24 09:15:00,2026-02-25 09:15:00,BEAR_CALL,25571.45,25550,26050,226.0,38.1,174.35,23.7,187.9,150.65,37.25,7263.75,182.22352925449997,7081.5264707455,Reversal,2026-03-02,1,True,True,2219555,104417,114858,31964,99729,4.7
2026-02-25 09:15:00,2026-02-25 12:40:00,BULL_PUT,25561.8,25550,25050,139.3,29.4,150.35,32.75,109.9,117.6,-7.699999999999989,-1501.4999999999977,157.843480334,-1659.3434803339978,Reversal,2026-03-02,0,False,False,2226636,72425,79668,0,99691,3.3
2026-02-25 12:40:00,2026-02-26 09:45:00,BEAR_CALL,25504.3,25500,26000,167.35,18.45,181.55,16.9,148.9,164.65,-15.75,-3071.25,163.00134407749997,-3234.2513440775,Reversal,2026-03-02,1,True,False,2224977,72262,79488,0,99467,3.2
2026-02-26 09:45:00,2026-02-26 12:20:00,BULL_PUT,25557.2,25550,25050,109.6,21.35,182.2,29.25,88.25,152.95,-64.69999999999999,-12616.499999999998,150.73805481199997,-12767.238054811998,Reversal,2026-03-02,0,False,False,2221743,72412,79653,0,99673,3.3
2026-02-26 12:20:00,2026-03-02 09:25:00,BEAR_CALL,25432.4,25450,25950,133.35,13.45,3.35,1.25,119.89999999999999,2.1,117.8,22971.0,133.15775298199998,22837.842247018,Target,2026-03-02,4,True,False,2208975,72058,79264,0,99186,3.3
2026-03-02 09:25:00,2026-03-02 14:10:00,BEAR_CALL,24889.4,24900,25400,286.5,83.0,218.85,53.65,203.5,165.2,38.30000000000001,7468.500000000002,215.12920496,7253.370795040002,Reversal,2026-03-10,0,False,True,2231813,101632,111795,31112,97069,4.6
2026-03-02 14:10:00,2026-03-04 09:15:00,BULL_PUT,24787.4,24800,24300,283.6,128.65,510.45,243.1,154.95000000000002,267.35,-112.4,-21918.0,296.42291665400006,-22214.422916654,Reversal,2026-03-10,2,True,True,2239067,101215,111337,30984,96671,4.5
2026-03-04 09:15:00,2026-03-04 14:10:00,BEAR_CALL,24385.1,24400,24900,286.15,88.75,382.55,131.85,197.39999999999998,250.70000000000002,-53.30000000000004,-10393.500000000007,251.576036459,-10645.076036459008,Reversal,2026-03-10,0,False,False,2216852,69091,76000,0,95102,3.1
2026-03-04 14:10:00,2026-03-06 09:15:00,BULL_PUT,24554.95,24550,24050,324.2,170.4,198.35,65.2,153.79999999999998,133.14999999999998,20.650000000000006,4026.750000000001,234.6468347345,3792.103165265501,Reversal,2026-03-10,2,True,False,2206207,69572,76530,0,95764,3.2
2026-03-06 09:15:00,2026-03-09 14:45:00,BEAR_CALL,24594.4,24600,25100,212.4,39.85,26.85,4.95,172.55,21.900000000000002,150.65,29376.75,160.4611791515,29216.2888208485,Reversal,2026-03-10,3,True,False,2209999,69684,76653,0,95918,3.2
2026-03-09 14:45:00,2026-03-10 11:40:00,BULL_PUT,23981.05,24000,23500,209.3,69.7,7.1,1.15,139.60000000000002,5.949999999999999,133.65000000000003,26061.750000000007,159.4371149675,25902.31288503251,Target,2026-03-10,1,True,False,2239215,67946,74741,0,93526,3.0
2026-03-10 11:40:00,2026-03-11 10:05:00,BULL_PUT,24250.1,24250,23750,282.45,128.1,298.4,124.35,154.35,174.04999999999998,-19.69999999999999,-3841.4999999999977,244.53881717900003,-4086.0388171789978,Reversal,2026-03-17,1,True,True,2265118,99021,108923,30313,94575,4.4
2026-03-11 10:05:00,2026-03-12 13:30:00,BEAR_CALL,24118.2,24100,24600,307.45,90.7,119.2,27.2,216.75,92.0,124.75,24326.25,205.52939526650002,24120.7206047335,Reversal,2026-03-17,1,True,False,2261032,68335,75168,0,94061,3.0
2026-03-12 13:30:00,2026-03-12 14:50:00,BULL_PUT,23804.3,23800,23300,241.9,91.05,327.75,129.95,150.85000000000002,197.8,-46.94999999999999,-9155.249999999998,234.18187770950004,-9389.431877709498,Reversal,2026-03-17,0,False,False,2285152,67446,74190,0,92837,3.0
