bar,direction,trigger,outcome
2024-07-12 09:15:00,BULLISH,DailyReEntry,FAIL:no_price sell=MISS buy=MISS expiry=2024-10-03
2024-07-15 09:15:00,BULLISH,DailyReEntry,FAIL:no_price sell=MISS buy=MISS expiry=2024-10-03
2024-07-16 09:15:00,BULLISH,DailyReEntry,FAIL:no_price sell=MISS buy=MISS expiry=2024-10-03
2024-07-16 14:30:00,BEARISH,Flip,FAIL:no_price sell=MISS buy=MISS expiry=2024-10-03
2024-07-16 14:30:00,BEARISH,PendingFlip,FAIL:no_price sell=MISS buy=MISS expiry=2024-10-03
2024-07-18 09:15:00,BEARISH,DailyReEntry,FAIL:no_price sell=MISS buy=MISS expiry=2024-10-03
2024-07-18 09:45:00,BULLISH,Flip,FAIL:no_price sell=MISS buy=MISS expiry=2024-10-03
2024-07-18 09:45:00,BULLISH,PendingFlip,FAIL:no_price sell=MISS buy=MISS expiry=2024-10-03
2024-07-18 11:00:00,BEARISH,Flip,FAIL:no_price sell=MISS buy=MISS expiry=2024-10-03
2024-07-18 11:00:00,BEARISH,PendingFlip,FAIL:no_price sell=MISS buy=MISS expiry=2024-10-03
2024-07-18 12:10:00,BULLISH,Flip,FAIL:no_price sell=MISS buy=MISS expiry=2024-10-03
2024-07-18 12:10:00,BULLISH,PendingFlip,FAIL:no_price sell=MISS buy=MISS expiry=2024-10-03
2024-07-19 09:15:00,BULLISH,DailyReEntry,FAIL:no_price sell=MISS buy=MISS expiry=2024-10-03
2024-07-19 09:45:00,BEARISH,Flip,FAIL:no_price sell=MISS buy=MISS expiry=2024-10-03
2024-07-19 09:45:00,BEARISH,PendingFlip,FAIL:no_price sell=MISS buy=MISS expiry=2024-10-03
2024-07-22 09:15:00,BEARISH,DailyReEntry,FAIL:no_price sell=MISS buy=MISS expiry=2024-10-03
2024-07-22 09:45:00,BULLISH,Flip,FAIL:no_price sell=MISS buy=MISS expiry=2024-10-03
2024-07-22 09:45:00,BULLISH,PendingFlip,FAIL:no_price sell=MISS buy=MISS expiry=2024-10-03
2024-07-22 12:25:00,BEARISH,Flip,FAIL:no_price sell=MISS buy=MISS expiry=2024-10-03
2024-07-22 12:25:00,BEARISH,PendingFlip,FAIL:no_price sell=MISS buy=MISS expiry=2024-10-03
2024-07-23 09:15:00,BEARISH,DailyReEntry,FAIL:no_price sell=MISS buy=MISS expiry=2024-10-03
2024-07-23 11:05:00,BULLISH,Flip,FAIL:no_price sell=MISS buy=MISS expiry=2024-10-03
2024-07-23 11:05:00,BULLISH,PendingFlip,FAIL:no_price sell=MISS buy=MISS expiry=2024-10-03
2024-07-23 12:00:00,BEARISH,Flip,FAIL:no_price sell=MISS buy=MISS expiry=2024-10-03
2024-07-23 12:00:00,BEARISH,PendingFlip,FAIL:no_price sell=MISS buy=MISS expiry=2024-10-03
2024-07-23 12:40:00,BULLISH,Flip,FAIL:no_price sell=MISS buy=MISS expiry=2024-10-03
2024-07-23 12:40:00,BULLISH,PendingFlip,FAIL:no_price sell=MISS buy=MISS expiry=2024-10-03
2024-07-24 09:15:00,BULLISH,DailyReEntry,FAIL:no_price sell=MISS buy=MISS expiry=2024-10-03
2024-07-24 09:45:00,BEARISH,Flip,FAIL:no_price sell=MISS buy=MISS expiry=2024-10-03
2024-07-24 09:45:00,BEARISH,PendingFlip,FAIL:no_price sell=MISS buy=MISS expiry=2024-10-03
2024-07-25 09:15:00,BEARISH,DailyReEntry,FAIL:no_price sell=MISS buy=MISS expiry=2024-10-03
2024-07-25 12:15:00,BULLISH,Flip,FAIL:no_price sell=MISS buy=MISS expiry=2024-10-03
2024-07-25 12:15:00,BULLISH,PendingFlip,FAIL:no_price sell=MISS buy=MISS expiry=2024-10-03
2024-07-26 09:15:00,BULLISH,DailyReEntry,FAIL:no_price sell=MISS buy=MISS expiry=2024-10-03
2024-07-29 09:15:00,BULLISH,DailyReEntry,FAIL:no_price sell=MISS buy=MISS expiry=2024-10-03
2024-07-29 12:10:00,BEARISH,Flip,FAIL:no_price sell=MISS buy=MISS expiry=2024-10-03
2024-07-29 12:10:00,BEARISH,PendingFlip,FAIL:no_price sell=MISS buy=MISS expiry=2024-10-03
2024-07-30 09:15:00,BEARISH,DailyReEntry,FAIL:no_price sell=MISS buy=MISS expiry=2024-10-03
2024-07-30 09:40:00,BULLISH,Flip,FAIL:no_price sell=MISS buy=MISS expiry=2024-10-03
2024-07-30 09:40:00,BULLISH,PendingFlip,FAIL:no_price sell=MISS buy=MISS expiry=2024-10-03
2024-07-30 09:45:00,BULLISH,PendingFlip,FAIL:no_price sell=MISS buy=MISS expiry=2024-10-03
2024-07-30 15:00:00,BEARISH,Flip,FAIL:no_price sell=MISS buy=MISS expiry=2024-10-03
2024-07-30 15:00:00,BEARISH,PendingFlip,FAIL:no_price sell=MISS buy=MISS expiry=2024-10-03
2024-07-31 09:15:00,BEARISH,DailyReEntry,FAIL:no_price sell=MISS buy=MISS expiry=2024-10-03
2024-07-31 09:25:00,BULLISH,Flip,FAIL:no_price sell=MISS buy=MISS expiry=2024-10-03
2024-07-31 09:25:00,BULLISH,PendingFlip,FAIL:no_price sell=MISS buy=MISS expiry=2024-10-03
2024-07-31 09:30:00,BULLISH,PendingFlip,FAIL:no_price sell=MISS buy=MISS expiry=2024-10-03
2024-07-31 09:35:00,BULLISH,PendingFlip,FAIL:no_price sell=MISS buy=MISS expiry=2024-10-03
2024-07-31 09:40:00,BULLISH,PendingFlip,FAIL:no_price sell=MISS buy=MISS expiry=2024-10-03
2024-07-31 09:45:00,BULLISH,PendingFlip,FAIL:no_price sell=MISS buy=MISS expiry=2024-10-03
2024-08-01 09:15:00,BULLISH,DailyReEntry,FAIL:no_price sell=MISS buy=MISS expiry=2024-10-03
2024-08-01 11:45:00,BEARISH,Flip,FAIL:no_price sell=MISS buy=MISS expiry=2024-10-03
2024-08-01 11:45:00,BEARISH,PendingFlip,FAIL:no_price sell=MISS buy=MISS expiry=2024-10-03
2024-08-02 09:15:00,BEARISH,DailyReEntry,FAIL:no_price sell=MISS buy=MISS expiry=2024-10-03
2024-08-02 10:50:00,BULLISH,Flip,FAIL:no_price sell=MISS buy=MISS expiry=2024-10-03
2024-08-02 10:50:00,BULLISH,PendingFlip,FAIL:no_price sell=MISS buy=MISS expiry=2024-10-03
2024-08-02 14:35:00,BEARISH,Flip,FAIL:no_price sell=MISS buy=MISS expiry=2024-10-03
2024-08-02 14:35:00,BEARISH,PendingFlip,FAIL:no_price sell=MISS buy=MISS expiry=2024-10-03
2024-08-05 09:15:00,BEARISH,DailyReEntry,FAIL:no_price sell=MISS buy=MISS expiry=2024-10-03
2024-08-05 09:55:00,BULLISH,Flip,FAIL:no_price sell=MISS buy=MISS expiry=2024-10-03
2024-08-05 09:55:00,BULLISH,PendingFlip,FAIL:no_price sell=MISS buy=MISS expiry=2024-10-03
2024-08-05 10:40:00,BEARISH,Flip,FAIL:no_price sell=MISS buy=MISS expiry=2024-10-03
2024-08-05 10:40:00,BEARISH,PendingFlip,FAIL:no_price sell=MISS buy=MISS expiry=2024-10-03
2024-08-05 13:30:00,BULLISH,Flip,FAIL:no_price sell=MISS buy=MISS expiry=2024-10-03
2024-08-05 13:30:00,BULLISH,PendingFlip,FAIL:no_price sell=MISS buy=MISS expiry=2024-10-03
2024-08-06 09:15:00,BULLISH,DailyReEntry,FAIL:no_price sell=MISS buy=MISS expiry=2024-10-03
2024-08-06 10:30:00,BEARISH,Flip,FAIL:no_price sell=MISS buy=MISS expiry=2024-10-03
2024-08-06 10:30:00,BEARISH,PendingFlip,FAIL:no_price sell=MISS buy=MISS expiry=2024-10-03
2024-08-07 09:15:00,BULLISH,Flip,FAIL:no_price sell=MISS buy=MISS expiry=2024-10-03
2024-08-07 09:15:00,BULLISH,PendingFlip,FAIL:no_price sell=MISS buy=MISS expiry=2024-10-03
2024-08-07 09:15:00,BULLISH,DailyReEntry,FAIL:no_price sell=MISS buy=MISS expiry=2024-10-03
2024-08-08 09:15:00,BULLISH,DailyReEntry,FAIL:no_price sell=MISS buy=MISS expiry=2024-10-03
2024-08-08 09:55:00,BEARISH,Flip,FAIL:no_price sell=MISS buy=MISS expiry=2024-10-03
2024-08-08 09:55:00,BEARISH,PendingFlip,FAIL:no_price sell=MISS buy=MISS expiry=2024-10-03
2024-08-08 12:10:00,BULLISH,Flip,FAIL:no_price sell=MISS buy=MISS expiry=2024-10-03
2024-08-08 12:10:00,BULLISH,PendingFlip,FAIL:no_price sell=MISS buy=MISS expiry=2024-10-03
2024-08-08 13:00:00,BEARISH,Flip,FAIL:no_price sell=MISS buy=MISS expiry=2024-10-03
2024-08-08 13:00:00,BEARISH,PendingFlip,FAIL:no_price sell=MISS buy=MISS expiry=2024-10-03
2024-08-09 09:15:00,BULLISH,Flip,FAIL:no_price sell=MISS buy=MISS expiry=2024-10-03
2024-08-09 09:15:00,BULLISH,PendingFlip,FAIL:no_price sell=MISS buy=MISS expiry=2024-10-03
2024-08-09 09:15:00,BULLISH,DailyReEntry,FAIL:no_price sell=MISS buy=MISS expiry=2024-10-03
2024-08-12 09:15:00,BEARISH,Flip,FAIL:no_price sell=MISS buy=MISS expiry=2024-10-03
2024-08-12 09:15:00,BEARISH,PendingFlip,FAIL:no_price sell=MISS buy=MISS expiry=2024-10-03
2024-08-12 09:15:00,BEARISH,DailyReEntry,FAIL:no_price sell=MISS buy=MISS expiry=2024-10-03
2024-08-12 10:35:00,BULLISH,Flip,FAIL:no_price sell=MISS buy=MISS expiry=2024-10-03
2024-08-12 10:35:00,BULLISH,PendingFlip,FAIL:no_price sell=MISS buy=MISS expiry=2024-10-03
2024-08-12 14:50:00,BEARISH,Flip,FAIL:no_price sell=MISS buy=MISS expiry=2024-10-03
2024-08-12 14:50:00,BEARISH,PendingFlip,FAIL:no_price sell=MISS buy=MISS expiry=2024-10-03
2024-08-13 09:15:00,BEARISH,DailyReEntry,FAIL:no_price sell=MISS buy=MISS expiry=2024-10-03
2024-08-14 09:15:00,BEARISH,DailyReEntry,FAIL:no_price sell=MISS buy=MISS expiry=2024-10-03
2024-08-16 09:15:00,BULLISH,Flip,FAIL:no_price sell=MISS buy=MISS expiry=2024-10-03
2024-08-16 09:15:00,BULLISH,PendingFlip,FAIL:no_price sell=MISS buy=MISS expiry=2024-10-03
2024-08-16 09:15:00,BULLISH,DailyReEntry,FAIL:no_price sell=MISS buy=MISS expiry=2024-10-03
2024-08-16 09:50:00,BEARISH,Flip,FAIL:no_price sell=MISS buy=MISS expiry=2024-10-03
2024-08-16 09:50:00,BEARISH,PendingFlip,FAIL:no_price sell=MISS buy=MISS expiry=2024-10-03
2024-08-16 11:25:00,BULLISH,Flip,FAIL:no_price sell=MISS buy=MISS expiry=2024-10-03
2024-08-16 11:25:00,BULLISH,PendingFlip,FAIL:no_price sell=MISS buy=MISS expiry=2024-10-03
2024-08-19 09:15:00,BULLISH,DailyReEntry,FAIL:no_price sell=MISS buy=MISS expiry=2024-10-03
2024-08-19 11:05:00,BEARISH,Flip,FAIL:no_price sell=MISS buy=MISS expiry=2024-10-03
2024-08-19 11:05:00,BEARISH,PendingFlip,FAIL:no_price sell=MISS buy=MISS expiry=2024-10-03
2024-08-20 09:15:00,BULLISH,Flip,FAIL:no_price sell=MISS buy=MISS expiry=2024-10-03
2024-08-20 09:15:00,BULLISH,PendingFlip,FAIL:no_price sell=MISS buy=MISS expiry=2024-10-03
2024-08-20 09:15:00,BULLISH,DailyReEntry,FAIL:no_price sell=MISS buy=MISS expiry=2024-10-03
2024-08-21 09:15:00,BULLISH,DailyReEntry,FAIL:no_price sell=MISS buy=MISS expiry=2024-10-03
2024-08-22 09:15:00,BULLISH,DailyReEntry,FAIL:no_price sell=MISS buy=MISS expiry=2024-10-03
2024-08-23 09:15:00,BULLISH,DailyReEntry,FAIL:no_price sell=MISS buy=MISS expiry=2024-10-03
2024-08-23 09:35:00,BEARISH,Flip,FAIL:no_price sell=MISS buy=MISS expiry=2024-10-03
2024-08-23 09:35:00,BEARISH,PendingFlip,FAIL:no_price sell=MISS buy=MISS expiry=2024-10-03
2024-08-23 09:40:00,BEARISH,PendingFlip,FAIL:no_price sell=MISS buy=MISS expiry=2024-10-03
2024-08-23 09:45:00,BEARISH,PendingFlip,FAIL:no_price sell=MISS buy=MISS expiry=2024-10-03
2024-08-23 10:45:00,BULLISH,Flip,FAIL:no_price sell=MISS buy=MISS expiry=2024-10-03
2024-08-23 10:45:00,BULLISH,PendingFlip,FAIL:no_price sell=MISS buy=MISS expiry=2024-10-03
2024-08-26 09:15:00,BULLISH,DailyReEntry,FAIL:no_price sell=MISS buy=MISS expiry=2024-10-03
2024-08-27 09:15:00,BULLISH,DailyReEntry,FAIL:no_price sell=MISS buy=MISS expiry=2024-10-03
2024-08-27 14:50:00,BEARISH,Flip,FAIL:no_price sell=OK buy=MISS expiry=2024-10-03
2024-08-27 14:50:00,BEARISH,PendingFlip,FAIL:no_price sell=OK buy=MISS expiry=2024-10-03
2024-08-28 09:15:00,BEARISH,DailyReEntry,FAIL:no_price sell=MISS buy=MISS expiry=2024-10-03
2024-08-28 11:10:00,BULLISH,Flip,FAIL:no_price sell=MISS buy=MISS expiry=2024-10-03
2024-08-28 11:10:00,BULLISH,PendingFlip,FAIL:no_price sell=MISS buy=MISS expiry=2024-10-03
2024-08-28 14:50:00,BEARISH,Flip,FAIL:no_price sell=OK buy=MISS expiry=2024-10-03
2024-08-28 14:50:00,BEARISH,PendingFlip,FAIL:no_price sell=OK buy=MISS expiry=2024-10-03
2024-08-29 09:15:00,BEARISH,DailyReEntry,FAIL:no_price sell=MISS buy=MISS expiry=2024-10-03
2024-08-29 09:45:00,BULLISH,Flip,FAIL:no_price sell=OK buy=MISS expiry=2024-10-03
2024-08-29 09:45:00,BULLISH,PendingFlip,FAIL:no_price sell=OK buy=MISS expiry=2024-10-03
2024-08-29 14:00:00,BEARISH,Flip,FAIL:no_price sell=OK buy=MISS expiry=2024-10-03
2024-08-29 14:00:00,BEARISH,PendingFlip,FAIL:no_price sell=OK buy=MISS expiry=2024-10-03
2024-08-29 14:50:00,BULLISH,Flip,ENTERED BULL_PUT expiry=2024-10-03 sell=25100 buy=24600 credit=164.84
2024-09-02 12:55:00,BEARISH,Reversal-ReEntry,FAIL:no_price sell=OK buy=MISS expiry=2024-10-03
2024-09-02 13:00:00,BEARISH,PendingFlip,FAIL:no_price sell=OK buy=MISS expiry=2024-10-03
2024-09-03 09:15:00,BEARISH,DailyReEntry,FAIL:no_price sell=MISS buy=MISS expiry=2024-10-03
2024-09-04 09:15:00,BEARISH,DailyReEntry,FAIL:no_price sell=MISS buy=MISS expiry=2024-10-03
2024-09-04 13:15:00,BULLISH,Flip,ENTERED BULL_PUT expiry=2024-10-03 sell=25200 buy=24700 credit=161.15
2024-09-05 10:20:00,BEARISH,Reversal-ReEntry,ENTERED BEAR_CALL expiry=2024-10-03 sell=25200 buy=25700 credit=245.50
2024-09-06 12:20:00,BULLISH,Reversal-ReEntry,ENTERED BULL_PUT expiry=2024-10-03 sell=24950 buy=24450 credit=179.70
2024-09-06 12:55:00,BEARISH,Reversal-ReEntry,ENTERED BEAR_CALL expiry=2024-10-03 sell=24850 buy=25350 credit=236.00
2024-09-09 09:45:00,BULLISH,Reversal-ReEntry,FAIL:no_price sell=OK buy=MISS expiry=2024-10-03
2024-09-09 09:50:00,BULLISH,PendingFlip,FAIL:no_price sell=OK buy=MISS expiry=2024-10-03
2024-09-10 09:15:00,BULLISH,DailyReEntry,FAIL:no_price sell=MISS buy=MISS expiry=2024-10-03
2024-09-10 09:50:00,BEARISH,Flip,ENTERED BEAR_CALL expiry=2024-10-03 sell=24900 buy=25400 credit=236.60
2024-09-10 11:15:00,BULLISH,Reversal-ReEntry,ENTERED BULL_PUT expiry=2024-10-03 sell=25000 buy=24500 credit=160.40
2024-09-10 15:00:00,BEARISH,Reversal-ReEntry,FAIL:no_price sell=OK buy=MISS expiry=2024-10-03
2024-09-10 15:05:00,BEARISH,PendingFlip,FAIL:no_price sell=OK buy=MISS expiry=2024-10-03
2024-09-11 09:15:00,BEARISH,DailyReEntry,FAIL:no_price sell=MISS buy=OK expiry=2024-10-03
2024-09-11 10:15:00,BULLISH,Flip,ENTERED BULL_PUT expiry=2024-10-03 sell=25050 buy=24550 credit=150.40
2024-09-11 13:40:00,BEARISH,Reversal-ReEntry,ENTERED BEAR_CALL expiry=2024-10-03 sell=25000 buy=25500 credit=238.30
2024-09-12 09:15:00,BULLISH,Reversal-ReEntry,FAIL:no_price sell=OK buy=MISS expiry=2024-10-03
2024-09-12 09:20:00,BULLISH,PendingFlip,FAIL:no_price sell=OK buy=MISS expiry=2024-10-03
2024-09-12 09:25:00,BULLISH,PendingFlip,FAIL:no_price sell=OK buy=MISS expiry=2024-10-03
2024-09-12 09:30:00,BULLISH,PendingFlip,FAIL:no_price sell=OK buy=MISS expiry=2024-10-03
2024-09-12 09:35:00,BULLISH,PendingFlip,ENTERED BULL_PUT expiry=2024-10-03 sell=25000 buy=24500 credit=141.05
2024-09-12 11:25:00,BEARISH,Reversal-ReEntry,FAIL:no_price sell=OK buy=MISS expiry=2024-10-03
2024-09-12 11:30:00,BEARISH,PendingFlip,ENTERED BEAR_CALL expiry=2024-10-03 sell=25000 buy=25500 credit=215.40
2024-09-12 14:00:00,BULLISH,Reversal-ReEntry,ENTERED BULL_PUT expiry=2024-10-03 sell=25150 buy=24650 credit=173.10
2024-09-16 12:10:00,BEARISH,Reversal-ReEntry,FAIL:no_price sell=OK buy=MISS expiry=2024-10-03
2024-09-16 12:15:00,BEARISH,PendingFlip,FAIL:no_price sell=OK buy=MISS expiry=2024-10-03
2024-09-16 13:45:00,BULLISH,Flip,ENTERED BULL_PUT expiry=2024-10-03 sell=25400 buy=24900 credit=131.00
2024-09-18 13:00:00,BEARISH,Reversal-ReEntry,ENTERED BEAR_CALL expiry=2024-10-03 sell=25400 buy=25900 credit=222.25
2024-09-18 15:00:00,BULLISH,Reversal-ReEntry,ENTERED BULL_PUT expiry=2024-10-03 sell=25400 buy=24900 credit=144.65
2024-09-19 10:10:00,BEARISH,Reversal-ReEntry,ENTERED BEAR_CALL expiry=2024-10-03 sell=25500 buy=26000 credit=213.34
2024-09-20 09:15:00,BULLISH,Reversal-ReEntry,ENTERED BULL_PUT expiry=2024-10-03 sell=25500 buy=25000 credit=116.40
2024-09-20 13:30:00,BEARISH,Reversal-ReEntry,ENTERED BEAR_CALL expiry=2024-10-03 sell=25650 buy=26150 credit=214.95
2024-09-20 13:45:00,BULLISH,Reversal-ReEntry,ENTERED BULL_PUT expiry=2024-10-03 sell=25700 buy=25200 credit=160.70
2024-09-25 10:05:00,BEARISH,Reversal-ReEntry,ENTERED BEAR_CALL expiry=2024-10-03 sell=25900 buy=26400 credit=187.36
2024-09-25 14:05:00,BULLISH,Reversal-ReEntry,ENTERED BULL_PUT expiry=2024-10-03 sell=25950 buy=25450 credit=123.44
2024-09-27 12:50:00,BEARISH,Reversal-ReEntry,ENTERED BEAR_CALL expiry=2024-10-03 sell=26200 buy=26700 credit=148.00
2024-10-01 09:15:00,BULLISH,Reversal-ReEntry,ENTERED BULL_PUT expiry=2024-10-03 sell=25900 buy=25400 credit=95.60
2024-10-01 10:15:00,BEARISH,Reversal-ReEntry,ENTERED BEAR_CALL expiry=2024-10-03 sell=25800 buy=26300 credit=109.55
2024-10-01 12:15:00,BULLISH,Reversal-ReEntry,ENTERED BULL_PUT expiry=2024-10-03 sell=25850 buy=25350 credit=82.35
2024-10-03 09:15:00,BEARISH,Reversal-ReEntry,ENTERED BEAR_CALL expiry=2024-10-10 sell=25550 buy=26050 credit=193.36
2024-10-03 09:45:00,BULLISH,Reversal-ReEntry,ENTERED BULL_PUT expiry=2024-10-10 sell=25600 buy=25100 credit=100.55
2024-10-03 10:10:00,BEARISH,Reversal-ReEntry,ENTERED BEAR_CALL expiry=2024-10-10 sell=25550 buy=26050 credit=176.05
2024-10-04 09:50:00,BULLISH,Reversal-ReEntry,ENTERED BULL_PUT expiry=2024-10-10 sell=25250 buy=24750 credit=106.20
2024-10-04 12:35:00,BEARISH,Reversal-ReEntry,ENTERED BEAR_CALL expiry=2024-10-10 sell=25300 buy=25800 credit=225.10
2024-10-07 14:45:00,BULLISH,Reversal-ReEntry,ENTERED BULL_PUT expiry=2024-10-10 sell=24900 buy=24400 credit=160.40
2024-10-09 13:15:00,BEARISH,Reversal-ReEntry,ENTERED BEAR_CALL expiry=2024-10-10 sell=25100 buy=25600 credit=97.95
2024-10-10 10:05:00,BULLISH,Reversal-ReEntry,ENTERED BULL_PUT expiry=2024-10-17 sell=25100 buy=24600 credit=113.15
2024-10-10 11:35:00,BEARISH,Reversal-ReEntry,ENTERED BEAR_CALL expiry=2024-10-17 sell=25000 buy=25500 credit=175.25
2024-10-14 09:15:00,BULLISH,Reversal-ReEntry,ENTERED BULL_PUT expiry=2024-10-17 sell=25050 buy=24550 credit=123.36
2024-10-15 09:45:00,BEARISH,Reversal-ReEntry,ENTERED BEAR_CALL expiry=2024-10-17 sell=25100 buy=25600 credit=131.70
2024-10-16 14:00:00,BULLISH,Reversal-ReEntry,ENTERED BULL_PUT expiry=2024-10-17 sell=25000 buy=24500 credit=89.80
2024-10-16 15:10:00,BEARISH,Reversal-ReEntry,ENTERED BEAR_CALL expiry=2024-10-17 sell=24950 buy=25450 credit=91.55
2024-10-17 11:10:00,BEARISH,Target-ReEntry,ENTERED BEAR_CALL expiry=2024-10-24 sell=24800 buy=25300 credit=160.70
2024-10-18 09:45:00,BULLISH,Reversal-ReEntry,ENTERED BULL_PUT expiry=2024-10-24 sell=24700 buy=24200 credit=130.65
2024-10-21 09:30:00,BEARISH,Reversal-ReEntry,ENTERED BEAR_CALL expiry=2024-10-24 sell=24800 buy=25300 credit=163.55
2024-10-21 10:00:00,BULLISH,Reversal-ReEntry,ENTERED BULL_PUT expiry=2024-10-24 sell=24800 buy=24300 credit=144.65
2024-10-21 12:10:00,BEARISH,Reversal-ReEntry,ENTERED BEAR_CALL expiry=2024-10-24 sell=24700 buy=25200 credit=127.90
2024-10-21 13:55:00,BULLISH,Reversal-ReEntry,ENTERED BULL_PUT expiry=2024-10-24 sell=24850 buy=24350 credit=125.35
2024-10-21 15:20:00,BEARISH,Reversal-ReEntry,ENTERED BEAR_CALL expiry=2024-10-24 sell=24750 buy=25250 credit=107.20
2024-10-22 09:40:00,BULLISH,Reversal-ReEntry,ENTERED BULL_PUT expiry=2024-10-24 sell=24850 buy=24350 credit=117.04
2024-10-22 10:10:00,BEARISH,Reversal-ReEntry,ENTERED BEAR_CALL expiry=2024-10-24 sell=24750 buy=25250 credit=138.90
2024-10-23 10:00:00,BULLISH,Reversal-ReEntry,ENTERED BULL_PUT expiry=2024-10-24 sell=24550 buy=24050 credit=122.89
2024-10-23 14:20:00,BEARISH,Reversal-ReEntry,ENTERED BEAR_CALL expiry=2024-10-24 sell=24450 buy=24950 credit=85.50
2024-10-24 13:30:00,BEARISH,Target-ReEntry,ENTERED BEAR_CALL expiry=2024-10-31 sell=24400 buy=24900 credit=152.85
2024-10-25 15:10:00,BULLISH,Reversal-ReEntry,ENTERED BULL_PUT expiry=2024-10-31 sell=24150 buy=23650 credit=121.64
2024-10-28 09:40:00,BEARISH,Reversal-ReEntry,ENTERED BEAR_CALL expiry=2024-10-31 sell=24150 buy=24650 credit=162.20
2024-10-28 09:55:00,BULLISH,Reversal-ReEntry,ENTERED BULL_PUT expiry=2024-10-31 sell=24300 buy=23800 credit=115.85
2024-10-28 14:00:00,BEARISH,Reversal-ReEntry,ENTERED BEAR_CALL expiry=2024-10-31 sell=24350 buy=24850 credit=143.56
2024-10-29 12:00:00,BULLISH,Reversal-ReEntry,ENTERED BULL_PUT expiry=2024-10-31 sell=24300 buy=23800 credit=118.80
2024-10-30 09:15:00,BEARISH,Reversal-ReEntry,ENTERED BEAR_CALL expiry=2024-10-31 sell=24350 buy=24850 credit=126.69
2024-10-31 11:20:00,BEARISH,Target-ReEntry,ENTERED BEAR_CALL expiry=2024-11-07 sell=24250 buy=24750 credit=191.50
2024-11-01 18:00:00,BULLISH,Reversal-ReEntry,ENTERED BULL_PUT expiry=2024-11-07 sell=24350 buy=23850 credit=177.94
2024-11-04 09:15:00,BEARISH,Reversal-ReEntry,ENTERED BEAR_CALL expiry=2024-11-07 sell=24100 buy=24600 credit=217.10
2024-11-04 12:00:00,BULLISH,Reversal-ReEntry,ENTERED BULL_PUT expiry=2024-11-07 sell=23950 buy=23450 credit=173.15
2024-11-05 11:35:00,BEARISH,Reversal-ReEntry,ENTERED BEAR_CALL expiry=2024-11-07 sell=23900 buy=24400 credit=176.06
2024-11-05 13:20:00,BULLISH,Reversal-ReEntry,ENTERED BULL_PUT expiry=2024-11-07 sell=23950 buy=23450 credit=159.15
2024-11-06 10:10:00,BULLISH,Target-ReEntry,ENTERED BULL_PUT expiry=2024-11-07 sell=24400 buy=23900 credit=101.60
2024-11-07 09:20:00,BEARISH,Reversal-ReEntry,ENTERED BEAR_CALL expiry=2024-11-14 sell=24400 buy=24900 credit=188.95
2024-11-08 09:25:00,BULLISH,Reversal-ReEntry,ENTERED BULL_PUT expiry=2024-11-14 sell=24150 buy=23650 credit=134.70
2024-11-08 11:50:00,BEARISH,Reversal-ReEntry,ENTERED BEAR_CALL expiry=2024-11-14 sell=24100 buy=24600 credit=157.20
2024-11-11 09:30:00,BULLISH,Reversal-ReEntry,ENTERED BULL_PUT expiry=2024-11-14 sell=24150 buy=23650 credit=138.66
2024-11-11 12:20:00,BEARISH,Reversal-ReEntry,ENTERED BEAR_CALL expiry=2024-11-14 sell=24200 buy=24700 credit=139.80
2024-11-11 14:35:00,BULLISH,Reversal-ReEntry,ENTERED BULL_PUT expiry=2024-11-14 sell=24200 buy=23700 credit=114.00
2024-11-12 10:35:00,BEARISH,Reversal-ReEntry,ENTERED BEAR_CALL expiry=2024-11-14 sell=24100 buy=24600 credit=129.45
2024-11-13 12:45:00,BEARISH,Target-ReEntry,ENTERED BEAR_CALL expiry=2024-11-14 sell=23700 buy=24200 credit=82.65
2024-11-14 10:00:00,BULLISH,Reversal-ReEntry,ENTERED BULL_PUT expiry=2024-11-21 sell=23650 buy=23150 credit=114.75
2024-11-14 11:05:00,BEARISH,Reversal-ReEntry,ENTERED BEAR_CALL expiry=2024-11-21 sell=23500 buy=24000 credit=163.90
2024-11-18 12:10:00,BULLISH,Reversal-ReEntry,ENTERED BULL_PUT expiry=2024-11-21 sell=23500 buy=23000 credit=125.65
2024-11-18 14:30:00,BEARISH,Reversal-ReEntry,ENTERED BEAR_CALL expiry=2024-11-21 sell=23400 buy=23900 credit=137.54
2024-11-19 09:15:00,BULLISH,Reversal-ReEntry,ENTERED BULL_PUT expiry=2024-11-21 sell=23600 buy=23100 credit=120.50
2024-11-19 14:50:00,BEARISH,Reversal-ReEntry,ENTERED BEAR_CALL expiry=2024-11-21 sell=23650 buy=24150 credit=92.15
2024-11-21 09:35:00,BEARISH,Target-ReEntry,ENTERED BEAR_CALL expiry=2024-11-28 sell=23300 buy=23800 credit=181.10
2024-11-22 09:15:00,BULLISH,Reversal-ReEntry,ENTERED BULL_PUT expiry=2024-11-28 sell=23400 buy=22900 credit=123.65
2024-11-22 10:45:00,BEARISH,Reversal-ReEntry,ENTERED BEAR_CALL expiry=2024-11-28 sell=23450 buy=23950 credit=203.85
2024-11-22 12:05:00,BULLISH,Reversal-ReEntry,ENTERED BULL_PUT expiry=2024-11-28 sell=23650 buy=23150 credit=139.50
2024-11-25 12:50:00,BEARISH,Reversal-ReEntry,ENTERED BEAR_CALL expiry=2024-11-28 sell=24200 buy=24700 credit=166.70
2024-11-26 09:15:00,BULLISH,Reversal-ReEntry,ENTERED BULL_PUT expiry=2024-11-28 sell=24300 buy=23800 credit=119.55
2024-11-26 10:15:00,BEARISH,Reversal-ReEntry,ENTERED BEAR_CALL expiry=2024-11-28 sell=24150 buy=24650 credit=156.15
2024-11-27 12:20:00,BULLISH,Reversal-ReEntry,ENTERED BULL_PUT expiry=2024-11-28 sell=24250 buy=23750 credit=72.34
2024-11-28 10:30:00,BEARISH,Reversal-ReEntry,ENTERED BEAR_CALL expiry=2024-12-05 sell=24250 buy=24750 credit=195.05
2024-11-29 09:25:00,BULLISH,Reversal-ReEntry,ENTERED BULL_PUT expiry=2024-12-05 sell=24050 buy=23550 credit=156.85
2024-12-02 09:15:00,BEARISH,Reversal-ReEntry,ENTERED BEAR_CALL expiry=2024-12-05 sell=24050 buy=24550 credit=161.45
2024-12-02 09:45:00,BULLISH,Reversal-ReEntry,ENTERED BULL_PUT expiry=2024-12-05 sell=24150 buy=23650 credit=119.90
2024-12-04 11:55:00,BEARISH,Reversal-ReEntry,ENTERED BEAR_CALL expiry=2024-12-05 sell=24400 buy=24900 credit=139.05
2024-12-04 12:25:00,BULLISH,Reversal-ReEntry,ENTERED BULL_PUT expiry=2024-12-05 sell=24500 buy=24000 credit=128.00
2024-12-04 14:50:00,BEARISH,Reversal-ReEntry,ENTERED BEAR_CALL expiry=2024-12-05 sell=24450 buy=24950 credit=115.95
2024-12-05 12:05:00,BULLISH,Reversal-ReEntry,ENTERED BULL_PUT expiry=2024-12-12 sell=24500 buy=24000 credit=167.29
2024-12-05 14:50:00,BEARISH,Reversal-ReEntry,ENTERED BEAR_CALL expiry=2024-12-12 sell=24600 buy=25100 credit=240.05
2024-12-05 15:05:00,BULLISH,Reversal-ReEntry,ENTERED BULL_PUT expiry=2024-12-12 sell=24700 buy=24200 credit=154.05
2024-12-09 10:00:00,BEARISH,Reversal-ReEntry,ENTERED BEAR_CALL expiry=2024-12-12 sell=24600 buy=25100 credit=145.40
2024-12-10 15:05:00,BULLISH,Reversal-ReEntry,ENTERED BULL_PUT expiry=2024-12-12 sell=24600 buy=24100 credit=112.05
2024-12-12 10:55:00,BEARISH,Reversal-ReEntry,ENTERED BEAR_CALL expiry=2024-12-19 sell=24600 buy=25100 credit=166.30
2024-12-13 11:15:00,BULLISH,Reversal-ReEntry,ENTERED BULL_PUT expiry=2024-12-19 sell=24300 buy=23800 credit=151.05
2024-12-16 10:25:00,BEARISH,Reversal-ReEntry,ENTERED BEAR_CALL expiry=2024-12-19 sell=24650 buy=25150 credit=148.75
2024-12-18 12:50:00,BEARISH,Target-ReEntry,ENTERED BEAR_CALL expiry=2024-12-19 sell=24150 buy=24650 credit=88.80
2024-12-19 12:20:00,BEARISH,Target-ReEntry,FAIL:no_price sell=MISS buy=MISS expiry=2024-12-26
2024-12-20 09:15:00,BEARISH,DailyReEntry,FAIL:no_price sell=MISS buy=MISS expiry=2024-12-26
2024-12-20 09:35:00,BULLISH,Flip,FAIL:no_price sell=MISS buy=MISS expiry=2024-12-26
2024-12-20 09:35:00,BULLISH,PendingFlip,FAIL:no_price sell=MISS buy=MISS expiry=2024-12-26
2024-12-20 09:40:00,BULLISH,PendingFlip,FAIL:no_price sell=MISS buy=MISS expiry=2024-12-26
2024-12-20 09:45:00,BEARISH,Flip,FAIL:no_price sell=MISS buy=MISS expiry=2024-12-26
2024-12-20 09:45:00,BEARISH,PendingFlip,FAIL:no_price sell=MISS buy=MISS expiry=2024-12-26
2024-12-20 10:15:00,BULLISH,Flip,FAIL:no_price sell=MISS buy=MISS expiry=2024-12-26
2024-12-20 10:15:00,BULLISH,PendingFlip,FAIL:no_price sell=MISS buy=MISS expiry=2024-12-26
2024-12-20 12:20:00,BEARISH,Flip,FAIL:no_price sell=MISS buy=MISS expiry=2024-12-26
2024-12-20 12:20:00,BEARISH,PendingFlip,FAIL:no_price sell=MISS buy=MISS expiry=2024-12-26
2024-12-23 09:15:00,BULLISH,Flip,FAIL:no_price sell=MISS buy=MISS expiry=2024-12-26
2024-12-23 09:15:00,BULLISH,PendingFlip,FAIL:no_price sell=MISS buy=MISS expiry=2024-12-26
2024-12-23 09:15:00,BULLISH,DailyReEntry,FAIL:no_price sell=MISS buy=MISS expiry=2024-12-26
2024-12-23 12:30:00,BEARISH,Flip,FAIL:no_price sell=MISS buy=MISS expiry=2024-12-26
2024-12-23 12:30:00,BEARISH,PendingFlip,FAIL:no_price sell=MISS buy=MISS expiry=2024-12-26
2024-12-24 09:15:00,BEARISH,DailyReEntry,FAIL:no_price sell=MISS buy=MISS expiry=2024-12-26
2024-12-24 09:50:00,BULLISH,Flip,FAIL:no_price sell=MISS buy=MISS expiry=2024-12-26
2024-12-24 09:50:00,BULLISH,PendingFlip,FAIL:no_price sell=MISS buy=MISS expiry=2024-12-26
2024-12-24 13:40:00,BEARISH,Flip,FAIL:no_price sell=MISS buy=MISS expiry=2024-12-26
2024-12-24 13:40:00,BEARISH,PendingFlip,FAIL:no_price sell=MISS buy=MISS expiry=2024-12-26
2024-12-26 09:15:00,BULLISH,Flip,ENTERED BULL_PUT expiry=2025-01-02 sell=23850 buy=23350 credit=128.50
2024-12-26 10:05:00,BEARISH,Reversal-ReEntry,FAIL:no_price sell=OK buy=MISS expiry=2025-01-02
2024-12-26 10:10:00,BEARISH,PendingFlip,FAIL:no_price sell=OK buy=MISS expiry=2025-01-02
2024-12-27 09:15:00,BULLISH,Flip,ENTERED BULL_PUT expiry=2025-01-02 sell=23800 buy=23300 credit=122.50
2024-12-27 12:05:00,BEARISH,Reversal-ReEntry,FAIL:no_price sell=OK buy=MISS expiry=2025-01-02
2024-12-27 12:10:00,BEARISH,PendingFlip,FAIL:no_price sell=OK buy=MISS expiry=2025-01-02
2024-12-30 09:15:00,BEARISH,DailyReEntry,FAIL:no_price sell=OK buy=MISS expiry=2025-01-02
2024-12-30 10:45:00,BULLISH,Flip,ENTERED BULL_PUT expiry=2025-01-02 sell=23850 buy=23350 credit=112.35
2024-12-30 12:25:00,BEARISH,Reversal-ReEntry,FAIL:no_price sell=OK buy=MISS expiry=2025-01-02
2024-12-30 12:30:00,BEARISH,PendingFlip,FAIL:no_price sell=OK buy=MISS expiry=2025-01-02
2024-12-31 09:15:00,BEARISH,DailyReEntry,FAIL:no_price sell=OK buy=MISS expiry=2025-01-02
2024-12-31 10:50:00,BULLISH,Flip,ENTERED BULL_PUT expiry=2025-01-02 sell=23600 buy=23100 credit=136.55
2025-01-01 09:45:00,BEARISH,Reversal-ReEntry,FAIL:no_price sell=OK buy=MISS expiry=2025-01-02
2025-01-01 09:50:00,BEARISH,PendingFlip,FAIL:no_price sell=OK buy=MISS expiry=2025-01-02
2025-01-01 10:45:00,BULLISH,Flip,ENTERED BULL_PUT expiry=2025-01-02 sell=23700 buy=23200 credit=115.86
2025-01-02 13:00:00,BULLISH,Target-ReEntry,ENTERED BULL_PUT expiry=2025-01-09 sell=24050 buy=23550 credit=144.40
2025-01-03 09:30:00,BEARISH,Reversal-ReEntry,ENTERED BEAR_CALL expiry=2025-01-09 sell=24100 buy=24600 credit=166.90
2025-01-03 11:20:00,BULLISH,Reversal-ReEntry,ENTERED BULL_PUT expiry=2025-01-09 sell=24150 buy=23650 credit=167.90
2025-01-03 14:00:00,BEARISH,Reversal-ReEntry,ENTERED BEAR_CALL expiry=2025-01-09 sell=24050 buy=24550 credit=126.50
2025-01-06 09:20:00,BULLISH,Reversal-ReEntry,ENTERED BULL_PUT expiry=2025-01-09 sell=24100 buy=23600 credit=176.50
2025-01-06 09:40:00,BEARISH,Reversal-ReEntry,ENTERED BEAR_CALL expiry=2025-01-09 sell=23950 buy=24450 credit=130.85
2025-01-06 12:35:00,BULLISH,Reversal-ReEntry,ENTERED BULL_PUT expiry=2025-01-09 sell=23750 buy=23250 credit=160.60
2025-01-06 13:45:00,BEARISH,Reversal-ReEntry,ENTERED BEAR_CALL expiry=2025-01-09 sell=23650 buy=24150 credit=151.60
2025-01-07 09:15:00,BULLISH,Reversal-ReEntry,ENTERED BULL_PUT expiry=2025-01-09 sell=23750 buy=23250 credit=140.26
2025-01-07 10:00:00,BEARISH,Reversal-ReEntry,ENTERED BEAR_CALL expiry=2025-01-09 sell=23650 buy=24150 credit=149.75
2025-01-08 13:40:00,BULLISH,Reversal-ReEntry,ENTERED BULL_PUT expiry=2025-01-09 sell=23650 buy=23150 credit=112.65
2025-01-09 09:35:00,BEARISH,Reversal-ReEntry,ENTERED BEAR_CALL expiry=2025-01-16 sell=23600 buy=24100 credit=163.50
2025-01-10 10:50:00,BULLISH,Reversal-ReEntry,ENTERED BULL_PUT expiry=2025-01-16 sell=23450 buy=22950 credit=131.00
2025-01-10 14:10:00,BEARISH,Reversal-ReEntry,ENTERED BEAR_CALL expiry=2025-01-16 sell=23450 buy=23950 credit=169.60
2025-01-13 10:30:00,BULLISH,Reversal-ReEntry,ENTERED BULL_PUT expiry=2025-01-16 sell=23350 buy=22850 credit=131.30
2025-01-13 12:15:00,BEARISH,Reversal-ReEntry,ENTERED BEAR_CALL expiry=2025-01-16 sell=23200 buy=23700 credit=137.55
2025-01-14 09:15:00,BULLISH,Reversal-ReEntry,ENTERED BULL_PUT expiry=2025-01-16 sell=23200 buy=22700 credit=87.50
2025-01-14 13:00:00,BEARISH,Reversal-ReEntry,ENTERED BEAR_CALL expiry=2025-01-16 sell=23150 buy=23650 credit=106.60
2025-01-15 10:20:00,BULLISH,Reversal-ReEntry,ENTERED BULL_PUT expiry=2025-01-16 sell=23250 buy=22750 credit=68.05
2025-01-15 13:15:00,BEARISH,Reversal-ReEntry,ENTERED BEAR_CALL expiry=2025-01-16 sell=23200 buy=23700 credit=65.16
2025-01-16 09:15:00,BULLISH,Reversal-ReEntry,ENTERED BULL_PUT expiry=2025-01-23 sell=23350 buy=22850 credit=132.36
2025-01-17 09:15:00,BEARISH,Reversal-ReEntry,ENTERED BEAR_CALL expiry=2025-01-23 sell=23200 buy=23700 credit=165.51
2025-01-17 10:25:00,BULLISH,Reversal-ReEntry,ENTERED BULL_PUT expiry=2025-01-23 sell=23250 buy=22750 credit=125.35
2025-01-17 10:45:00,BEARISH,Reversal-ReEntry,ENTERED BEAR_CALL expiry=2025-01-23 sell=23150 buy=23650 credit=181.85
2025-01-17 12:00:00,BULLISH,Reversal-ReEntry,ENTERED BULL_PUT expiry=2025-01-23 sell=23200 buy=22700 credit=139.45
2025-01-20 09:35:00,BEARISH,Reversal-ReEntry,ENTERED BEAR_CALL expiry=2025-01-23 sell=23200 buy=23700 credit=158.00
2025-01-20 10:30:00,BULLISH,Reversal-ReEntry,ENTERED BULL_PUT expiry=2025-01-23 sell=23250 buy=22750 credit=121.35
2025-01-21 09:55:00,BEARISH,Reversal-ReEntry,ENTERED BEAR_CALL expiry=2025-01-23 sell=23300 buy=23800 credit=158.10
2025-01-21 11:45:00,BULLISH,Reversal-ReEntry,ENTERED BULL_PUT expiry=2025-01-23 sell=23350 buy=22850 credit=161.10
2025-01-21 12:15:00,BEARISH,Reversal-ReEntry,ENTERED BEAR_CALL expiry=2025-01-23 sell=23150 buy=23650 credit=181.25
2025-01-21 13:00:00,BULLISH,Reversal-ReEntry,ENTERED BULL_PUT expiry=2025-01-23 sell=23300 buy=22800 credit=154.35
2025-01-21 14:30:00,BEARISH,Reversal-ReEntry,ENTERED BEAR_CALL expiry=2025-01-23 sell=23100 buy=23600 credit=169.85
2025-01-22 14:25:00,BULLISH,Reversal-ReEntry,ENTERED BULL_PUT expiry=2025-01-23 sell=23100 buy=22600 credit=53.16
2025-01-23 11:30:00,BULLISH,Target-ReEntry,ENTERED BULL_PUT expiry=2025-01-30 sell=23250 buy=22750 credit=135.65
2025-01-24 09:35:00,BEARISH,Reversal-ReEntry,ENTERED BEAR_CALL expiry=2025-01-30 sell=23200 buy=23700 credit=184.90
2025-01-24 11:00:00,BULLISH,Reversal-ReEntry,ENTERED BULL_PUT expiry=2025-01-30 sell=23250 buy=22750 credit=147.45
2025-01-24 12:35:00,BEARISH,Reversal-ReEntry,ENTERED BEAR_CALL expiry=2025-01-30 sell=23250 buy=23750 credit=172.95
2025-01-28 09:15:00,BULLISH,Reversal-ReEntry,ENTERED BULL_PUT expiry=2025-01-30 sell=22950 buy=22450 credit=124.40
2025-01-28 14:45:00,BEARISH,Reversal-ReEntry,ENTERED BEAR_CALL expiry=2025-01-30 sell=23050 buy=23550 credit=181.85
2025-01-29 09:35:00,BULLISH,Reversal-ReEntry,ENTERED BULL_PUT expiry=2025-01-30 sell=23050 buy=22550 credit=140.19
2025-01-29 11:20:00,BEARISH,Reversal-ReEntry,ENTERED BEAR_CALL expiry=2025-01-30 sell=23000 buy=23500 credit=180.80
2025-01-29 13:25:00,BULLISH,Reversal-ReEntry,ENTERED BULL_PUT expiry=2025-01-30 sell=23150 buy=22650 credit=131.51
2025-01-30 13:50:00,BEARISH,Reversal-ReEntry,ENTERED BEAR_CALL expiry=2025-02-06 sell=23200 buy=23700 credit=223.75
2025-01-30 15:05:00,BULLISH,Reversal-ReEntry,ENTERED BULL_PUT expiry=2025-02-06 sell=23250 buy=22750 credit=160.70
2025-01-31 14:15:00,BEARISH,Reversal-ReEntry,ENTERED BEAR_CALL expiry=2025-02-06 sell=23450 buy=23950 credit=209.75
2025-01-31 15:25:00,BULLISH,Reversal-ReEntry,ENTERED BULL_PUT expiry=2025-02-06 sell=23550 buy=23050 credit=145.35
2025-02-01 11:50:00,BEARISH,Reversal-ReEntry,ENTERED BEAR_CALL expiry=2025-02-06 sell=23400 buy=23900 credit=223.20
2025-02-01 12:20:00,BULLISH,Reversal-ReEntry,ENTERED BULL_PUT expiry=2025-02-06 sell=23500 buy=23000 credit=147.90
2025-02-01 13:05:00,BEARISH,Reversal-ReEntry,ENTERED BEAR_CALL expiry=2025-02-06 sell=23350 buy=23850 credit=170.80
2025-02-01 13:40:00,BULLISH,Reversal-ReEntry,ENTERED BULL_PUT expiry=2025-02-06 sell=23500 buy=23000 credit=145.10
2025-02-03 09:15:00,BEARISH,Reversal-ReEntry,ENTERED BEAR_CALL expiry=2025-02-06 sell=23250 buy=23750 credit=168.25
2025-02-03 15:05:00,BULLISH,Reversal-ReEntry,ENTERED BULL_PUT expiry=2025-02-06 sell=23400 buy=22900 credit=100.35
2025-02-04 10:35:00,BEARISH,Reversal-ReEntry,ENTERED BEAR_CALL expiry=2025-02-06 sell=23450 buy=23950 credit=155.75
2025-02-04 11:35:00,BULLISH,Reversal-ReEntry,ENTERED BULL_PUT expiry=2025-02-06 sell=23550 buy=23050 credit=112.15
2025-02-05 15:25:00,BEARISH,Reversal-ReEntry,ENTERED BEAR_CALL expiry=2025-02-06 sell=23700 buy=24200 credit=56.70
2025-02-06 13:30:00,BEARISH,Target-ReEntry,ENTERED BEAR_CALL expiry=2025-02-13 sell=23600 buy=24100 credit=176.80
2025-02-07 10:05:00,BULLISH,Reversal-ReEntry,ENTERED BULL_PUT expiry=2025-02-13 sell=23650 buy=23150 credit=161.10
2025-02-07 10:15:00,BEARISH,Reversal-ReEntry,ENTERED BEAR_CALL expiry=2025-02-13 sell=23550 buy=24050 credit=189.85
2025-02-07 10:55:00,BULLISH,Reversal-ReEntry,ENTERED BULL_PUT expiry=2025-02-13 sell=23600 buy=23100 credit=128.60
2025-02-07 12:10:00,BEARISH,Reversal-ReEntry,ENTERED BEAR_CALL expiry=2025-02-13 sell=23550 buy=24050 credit=178.70
2025-02-07 15:05:00,BULLISH,Reversal-ReEntry,ENTERED BULL_PUT expiry=2025-02-13 sell=23550 buy=23050 credit=131.30
2025-02-10 09:15:00,BEARISH,Reversal-ReEntry,ENTERED BEAR_CALL expiry=2025-02-13 sell=23450 buy=23950 credit=164.25
2025-02-11 14:50:00,BULLISH,Reversal-ReEntry,ENTERED BULL_PUT expiry=2025-02-13 sell=23100 buy=22600 credit=108.50
2025-02-12 09:25:00,BEARISH,Reversal-ReEntry,ENTERED BEAR_CALL expiry=2025-02-13 sell=23000 buy=23500 credit=114.40
2025-02-12 10:45:00,BULLISH,Reversal-ReEntry,ENTERED BULL_PUT expiry=2025-02-13 sell=22950 buy=22450 credit=110.00
2025-02-12 13:55:00,BEARISH,Reversal-ReEntry,ENTERED BEAR_CALL expiry=2025-02-13 sell=23000 buy=23500 credit=110.35
2025-02-13 09:30:00,BULLISH,Reversal-ReEntry,ENTERED BULL_PUT expiry=2025-02-20 sell=23100 buy=22600 credit=153.45
2025-02-13 13:30:00,BEARISH,Reversal-ReEntry,ENTERED BEAR_CALL expiry=2025-02-20 sell=23100 buy=23600 credit=190.05
2025-03-17 09:15:00,BEARISH,DailyReEntry,ENTERED BEAR_CALL expiry=2025-03-20 sell=22500 buy=23000 credit=128.55
2025-03-17 09:30:00,BULLISH,Reversal-ReEntry,ENTERED BULL_PUT expiry=2025-03-20 sell=22550 buy=22050 credit=92.25
2025-03-20 09:15:00,BULLISH,Target-ReEntry,FAIL:no_price sell=MISS buy=OK expiry=2025-03-27
2025-03-20 10:05:00,BEARISH,Flip,FAIL:no_price sell=MISS buy=OK expiry=2025-03-27
2025-03-20 10:05:00,BEARISH,PendingFlip,FAIL:no_price sell=MISS buy=OK expiry=2025-03-27
2025-03-20 11:10:00,BULLISH,Flip,ENTERED BULL_PUT expiry=2025-03-27 sell=23050 buy=22550 credit=109.05
2025-03-21 13:35:00,BEARISH,Reversal-ReEntry,ENTERED BEAR_CALL expiry=2025-03-27 sell=23350 buy=23850 credit=133.95
2025-03-21 14:20:00,BULLISH,Reversal-ReEntry,ENTERED BULL_PUT expiry=2025-03-27 sell=23350 buy=22850 credit=100.10
2025-03-25 10:10:00,BEARISH,Reversal-ReEntry,ENTERED BEAR_CALL expiry=2025-03-27 sell=23750 buy=24250 credit=155.55
2025-03-26 09:20:00,BULLISH,Reversal-ReEntry,ENTERED BULL_PUT expiry=2025-03-27 sell=23700 buy=23200 credit=77.85
2025-03-26 11:55:00,BEARISH,Reversal-ReEntry,ENTERED BEAR_CALL expiry=2025-03-27 sell=23600 buy=24100 credit=121.50
2025-03-27 09:40:00,BULLISH,Reversal-ReEntry,ENTERED BULL_PUT expiry=2025-04-03 sell=23550 buy=23050 credit=114.75
2025-03-28 09:35:00,BEARISH,Reversal-ReEntry,ENTERED BEAR_CALL expiry=2025-04-03 sell=23500 buy=24000 credit=151.00
2025-03-28 10:30:00,BULLISH,Reversal-ReEntry,ENTERED BULL_PUT expiry=2025-04-03 sell=23650 buy=23150 credit=133.65
2025-03-28 12:20:00,BEARISH,Reversal-ReEntry,ENTERED BEAR_CALL expiry=2025-04-03 sell=23550 buy=24050 credit=125.35
2025-03-28 14:25:00,BULLISH,Reversal-ReEntry,ENTERED BULL_PUT expiry=2025-04-03 sell=23550 buy=23050 credit=115.39
2025-03-28 15:15:00,BEARISH,Reversal-ReEntry,ENTERED BEAR_CALL expiry=2025-04-03 sell=23500 buy=24000 credit=126.05
2025-04-01 09:30:00,BULLISH,Reversal-ReEntry,ENTERED BULL_PUT expiry=2025-04-03 sell=23500 buy=23000 credit=101.40
2025-04-01 10:20:00,BEARISH,Reversal-ReEntry,ENTERED BEAR_CALL expiry=2025-04-03 sell=23350 buy=23850 credit=176.95
2025-04-02 09:30:00,BULLISH,Reversal-ReEntry,ENTERED BULL_PUT expiry=2025-04-03 sell=23300 buy=22800 credit=98.10
2025-04-03 09:15:00,BEARISH,Reversal-ReEntry,ENTERED BEAR_CALL expiry=2025-04-09 sell=23200 buy=23700 credit=154.90
2025-04-03 10:10:00,BULLISH,Reversal-ReEntry,ENTERED BULL_PUT expiry=2025-04-09 sell=23300 buy=22800 credit=136.30
2025-04-04 09:15:00,BEARISH,Reversal-ReEntry,ENTERED BEAR_CALL expiry=2025-04-09 sell=23100 buy=23600 credit=145.40
2025-04-07 09:15:00,BEARISH,Target-ReEntry,ENTERED BEAR_CALL expiry=2025-04-09 sell=21900 buy=22400 credit=377.30
2025-04-07 09:30:00,BULLISH,Reversal-ReEntry,ENTERED BULL_PUT expiry=2025-04-09 sell=22150 buy=21650 credit=111.40
2025-04-07 09:55:00,BEARISH,Reversal-ReEntry,ENTERED BEAR_CALL expiry=2025-04-09 sell=21950 buy=22450 credit=240.05
2025-04-07 13:50:00,BULLISH,Reversal-ReEntry,ENTERED BULL_PUT expiry=2025-04-09 sell=22000 buy=21500 credit=145.10
2025-04-08 10:35:00,BEARISH,Reversal-ReEntry,ENTERED BEAR_CALL expiry=2025-04-09 sell=22300 buy=22800 credit=184.40
2025-04-08 11:05:00,BULLISH,Reversal-ReEntry,ENTERED BULL_PUT expiry=2025-04-09 sell=22500 buy=22000 credit=132.45
2025-04-08 13:50:00,BEARISH,Reversal-ReEntry,ENTERED BEAR_CALL expiry=2025-04-09 sell=22500 buy=23000 credit=186.06
2025-04-09 10:30:00,BEARISH,Target-ReEntry,ENTERED BEAR_CALL expiry=2025-04-17 sell=22400 buy=22900 credit=205.35
2025-04-11 09:15:00,BULLISH,Reversal-ReEntry,ENTERED BULL_PUT expiry=2025-04-17 sell=22750 buy=22250 credit=137.30
2025-04-11 14:00:00,BEARISH,Reversal-ReEntry,ENTERED BEAR_CALL expiry=2025-04-17 sell=22800 buy=23300 credit=189.39
2025-04-15 09:15:00,BULLISH,Reversal-ReEntry,ENTERED BULL_PUT expiry=2025-04-17 sell=23300 buy=22800 credit=133.15
2025-04-17 09:15:00,BEARISH,Reversal-ReEntry,ENTERED BEAR_CALL expiry=2025-04-24 sell=23350 buy=23850 credit=172.25
2025-04-17 09:40:00,BULLISH,Reversal-ReEntry,ENTERED BULL_PUT expiry=2025-04-24 sell=23400 buy=22900 credit=148.25
2025-04-21 12:20:00,BULLISH,Target-ReEntry,ENTERED BULL_PUT expiry=2025-04-24 sell=24150 buy=23650 credit=101.50
2025-04-22 09:15:00,BEARISH,Reversal-ReEntry,ENTERED BEAR_CALL expiry=2025-04-24 sell=24100 buy=24600 credit=114.55
2025-04-22 10:15:00,BULLISH,Reversal-ReEntry,ENTERED BULL_PUT expiry=2025-04-24 sell=24200 buy=23700 credit=94.85
2025-04-22 15:25:00,BEARISH,Reversal-ReEntry,ENTERED BEAR_CALL expiry=2025-04-24 sell=24150 buy=24650 credit=98.10
2025-04-23 09:15:00,BULLISH,Reversal-ReEntry,ENTERED BULL_PUT expiry=2025-04-24 sell=24300 buy=23800 credit=85.55
2025-04-23 10:05:00,BEARISH,Reversal-ReEntry,ENTERED BEAR_CALL expiry=2025-04-24 sell=24250 buy=24750 credit=78.15
2025-04-23 11:40:00,BULLISH,Reversal-ReEntry,ENTERED BULL_PUT expiry=2025-04-24 sell=24250 buy=23750 credit=88.75
2025-04-24 09:25:00,BEARISH,Reversal-ReEntry,ENTERED BEAR_CALL expiry=2025-04-30 sell=24250 buy=24750 credit=179.30
2025-04-25 09:15:00,BULLISH,Reversal-ReEntry,ENTERED BULL_PUT expiry=2025-04-30 sell=24350 buy=23850 credit=123.80
2025-04-25 09:35:00,BEARISH,Reversal-ReEntry,ENTERED BEAR_CALL expiry=2025-04-30 sell=24250 buy=24750 credit=175.10
2025-04-25 12:35:00,BULLISH,Reversal-ReEntry,ENTERED BULL_PUT expiry=2025-04-30 sell=24000 buy=23500 credit=143.50
2025-04-25 15:20:00,BEARISH,Reversal-ReEntry,ENTERED BEAR_CALL expiry=2025-04-30 sell=24000 buy=24500 credit=157.25
2025-04-28 09:15:00,BULLISH,Reversal-ReEntry,ENTERED BULL_PUT expiry=2025-04-30 sell=24150 buy=23650 credit=120.51
2025-04-29 09:40:00,BEARISH,Reversal-ReEntry,ENTERED BEAR_CALL expiry=2025-04-30 sell=24300 buy=24800 credit=116.35
2025-04-30 15:35:00,BULLISH,Flip,ENTERED BULL_PUT expiry=2025-05-08 sell=24350 buy=23850 credit=143.45
2025-05-02 10:45:00,BEARISH,Reversal-ReEntry,ENTERED BEAR_CALL expiry=2025-05-08 sell=24500 buy=25000 credit=176.00
2025-05-02 13:20:00,BULLISH,Reversal-ReEntry,ENTERED BULL_PUT expiry=2025-05-08 sell=24350 buy=23850 credit=129.00
2025-05-06 09:50:00,BEARISH,Reversal-ReEntry,ENTERED BEAR_CALL expiry=2025-05-08 sell=24400 buy=24900 credit=95.80
2025-05-07 09:25:00,BULLISH,Reversal-ReEntry,ENTERED BULL_PUT expiry=2025-05-08 sell=24450 buy=23950 credit=103.09
2025-05-07 09:50:00,BEARISH,Reversal-ReEntry,ENTERED BEAR_CALL expiry=2025-05-08 sell=24350 buy=24850 credit=81.65
2025-05-07 11:15:00,BULLISH,Reversal-ReEntry,ENTERED BULL_PUT expiry=2025-05-08 sell=24400 buy=23900 credit=72.30
2025-05-08 13:35:00,BEARISH,Reversal-ReEntry,ENTERED BEAR_CALL expiry=2025-05-15 sell=24350 buy=24850 credit=184.90
2025-05-08 15:35:00,BULLISH,Reversal-ReEntry,ENTERED BULL_PUT expiry=2025-05-15 sell=24250 buy=23750 credit=138.80
2025-05-09 09:15:00,BEARISH,Reversal-ReEntry,ENTERED BEAR_CALL expiry=2025-05-15 sell=24100 buy=24600 credit=214.35
2025-05-09 11:25:00,BULLISH,Reversal-ReEntry,ENTERED BULL_PUT expiry=2025-05-15 sell=24100 buy=23600 credit=145.25
2025-05-09 13:20:00,BEARISH,Reversal-ReEntry,ENTERED BEAR_CALL expiry=2025-05-15 sell=24000 buy=24500 credit=183.65
2025-05-12 09:15:00,BULLISH,Reversal-ReEntry,ENTERED BULL_PUT expiry=2025-05-15 sell=24550 buy=24050 credit=142.15
2025-05-13 09:20:00,BEARISH,Reversal-ReEntry,ENTERED BEAR_CALL expiry=2025-05-15 sell=24800 buy=25300 credit=174.65
2025-05-13 09:35:00,BULLISH,Reversal-ReEntry,ENTERED BULL_PUT expiry=2025-05-15 sell=24850 buy=24350 credit=179.40
2025-05-13 10:25:00,BEARISH,Reversal-ReEntry,ENTERED BEAR_CALL expiry=2025-05-15 sell=24650 buy=25150 credit=185.25
2025-05-13 11:00:00,BULLISH,Reversal-ReEntry,ENTERED BULL_PUT expiry=2025-05-15 sell=24800 buy=24300 credit=175.50
2025-05-13 12:40:00,BEARISH,Reversal-ReEntry,ENTERED BEAR_CALL expiry=2025-05-15 sell=24650 buy=25150 credit=144.25
2025-05-14 09:20:00,BULLISH,Reversal-ReEntry,ENTERED BULL_PUT expiry=2025-05-15 sell=24700 buy=24200 credit=126.75
2025-05-14 12:35:00,BEARISH,Reversal-ReEntry,ENTERED BEAR_CALL expiry=2025-05-15 sell=24600 buy=25100 credit=113.00
2025-05-14 15:25:00,BULLISH,Reversal-ReEntry,ENTERED BULL_PUT expiry=2025-05-15 sell=24700 buy=24200 credit=110.05
2025-05-15 09:35:00,BEARISH,Reversal-ReEntry,ENTERED BEAR_CALL expiry=2025-05-22 sell=24550 buy=25050 credit=189.50
2025-05-15 10:35:00,BULLISH,Reversal-ReEntry,ENTERED BULL_PUT expiry=2025-05-22 sell=24750 buy=24250 credit=187.80
2025-05-15 11:10:00,BEARISH,Reversal-ReEntry,ENTERED BEAR_CALL expiry=2025-05-22 sell=24600 buy=25100 credit=202.65
2025-05-15 13:05:00,BULLISH,Reversal-ReEntry,ENTERED BULL_PUT expiry=2025-05-22 sell=24800 buy=24300 credit=162.95
2025-05-16 11:05:00,BEARISH,Reversal-ReEntry,ENTERED BEAR_CALL expiry=2025-05-22 sell=24950 buy=25450 credit=164.25
2025-05-21 09:30:00,BULLISH,Reversal-ReEntry,ENTERED BULL_PUT expiry=2025-05-22 sell=24750 buy=24250 credit=114.00
2025-05-21 11:45:00,BEARISH,Reversal-ReEntry,ENTERED BEAR_CALL expiry=2025-05-22 sell=24800 buy=25300 credit=135.45
2025-05-21 13:15:00,BULLISH,Reversal-ReEntry,ENTERED BULL_PUT expiry=2025-05-22 sell=24850 buy=24350 credit=136.50
2025-05-22 09:15:00,BEARISH,Reversal-ReEntry,ENTERED BEAR_CALL expiry=2025-05-29 sell=24650 buy=25150 credit=201.30
2025-05-22 14:45:00,BULLISH,Reversal-ReEntry,ENTERED BULL_PUT expiry=2025-05-29 sell=24600 buy=24100 credit=156.50
2025-05-26 10:30:00,BEARISH,Reversal-ReEntry,ENTERED BEAR_CALL expiry=2025-05-29 sell=24950 buy=25450 credit=183.20
2025-05-27 11:00:00,BULLISH,Reversal-ReEntry,ENTERED BULL_PUT expiry=2025-05-29 sell=24850 buy=24350 credit=177.30
2025-05-27 12:20:00,BEARISH,Reversal-ReEntry,ENTERED BEAR_CALL expiry=2025-05-29 sell=24900 buy=25400 credit=192.00
2025-05-27 15:05:00,BULLISH,Reversal-ReEntry,ENTERED BULL_PUT expiry=2025-05-29 sell=24850 buy=24350 credit=150.75
2025-05-29 10:30:00,BEARISH,Reversal-ReEntry,ENTERED BEAR_CALL expiry=2025-06-05 sell=24750 buy=25250 credit=172.76
2025-05-29 15:00:00,BULLISH,Reversal-ReEntry,ENTERED BULL_PUT expiry=2025-06-05 sell=24800 buy=24300 credit=142.70
2025-05-30 10:15:00,BEARISH,Reversal-ReEntry,ENTERED BEAR_CALL expiry=2025-06-05 sell=24750 buy=25250 credit=174.75
2025-06-02 10:45:00,BULLISH,Reversal-ReEntry,ENTERED BULL_PUT expiry=2025-06-05 sell=24650 buy=24150 credit=170.75
2025-06-03 09:20:00,BEARISH,Reversal-ReEntry,ENTERED BEAR_CALL expiry=2025-06-05 sell=24650 buy=25150 credit=178.35
2025-06-03 10:20:00,BULLISH,Reversal-ReEntry,ENTERED BULL_PUT expiry=2025-06-05 sell=24750 buy=24250 credit=162.25
2025-06-03 10:40:00,BEARISH,Reversal-ReEntry,ENTERED BEAR_CALL expiry=2025-06-05 sell=24650 buy=25150 credit=163.00
2025-06-04 14:05:00,BULLISH,Reversal-ReEntry,ENTERED BULL_PUT expiry=2025-06-05 sell=24650 buy=24150 credit=89.90
2025-06-05 12:55:00,BEARISH,Reversal-ReEntry,ENTERED BEAR_CALL expiry=2025-06-12 sell=24800 buy=25300 credit=180.45
2025-06-06 10:05:00,BULLISH,Reversal-ReEntry,ENTERED BULL_PUT expiry=2025-06-12 sell=24800 buy=24300 credit=176.50
2025-06-10 09:25:00,BEARISH,Reversal-ReEntry,ENTERED BEAR_CALL expiry=2025-06-12 sell=25100 buy=25600 credit=128.05
2025-06-10 10:10:00,BULLISH,Reversal-ReEntry,ENTERED BULL_PUT expiry=2025-06-12 sell=25150 buy=24650 credit=97.70
2025-06-11 13:30:00,BEARISH,Reversal-ReEntry,ENTERED BEAR_CALL expiry=2025-06-12 sell=25150 buy=25650 credit=82.45
2025-06-12 09:20:00,BULLISH,Reversal-ReEntry,ENTERED BULL_PUT expiry=2025-06-19 sell=25150 buy=24650 credit=119.00
2025-06-12 09:40:00,BEARISH,Reversal-ReEntry,ENTERED BEAR_CALL expiry=2025-06-19 sell=25100 buy=25600 credit=180.75
2025-06-13 09:25:00,BULLISH,Reversal-ReEntry,ENTERED BULL_PUT expiry=2025-06-19 sell=24650 buy=24150 credit=147.20
2025-06-13 14:55:00,BEARISH,Reversal-ReEntry,ENTERED BEAR_CALL expiry=2025-06-19 sell=24650 buy=25150 credit=155.35
2025-06-16 09:15:00,BULLISH,Reversal-ReEntry,ENTERED BULL_PUT expiry=2025-06-19 sell=24800 buy=24300 credit=131.00
2025-06-16 09:45:00,BEARISH,Reversal-ReEntry,ENTERED BEAR_CALL expiry=2025-06-19 sell=24700 buy=25200 credit=160.75
2025-06-16 10:25:00,BULLISH,Reversal-ReEntry,ENTERED BULL_PUT expiry=2025-06-19 sell=24850 buy=24350 credit=129.10
2025-06-17 09:25:00,BEARISH,Reversal-ReEntry,ENTERED BEAR_CALL expiry=2025-06-19 sell=24900 buy=25400 credit=104.55
2025-06-18 09:20:00,BULLISH,Reversal-ReEntry,ENTERED BULL_PUT expiry=2025-06-19 sell=24900 buy=24400 credit=119.85
2025-06-18 10:30:00,BEARISH,Reversal-ReEntry,ENTERED BEAR_CALL expiry=2025-06-19 sell=24850 buy=25350 credit=97.80
2025-06-19 09:30:00,BULLISH,Reversal-ReEntry,ENTERED BULL_PUT expiry=2025-06-26 sell=24850 buy=24350 credit=141.15
2025-06-19 15:20:00,BEARISH,Reversal-ReEntry,ENTERED BEAR_CALL expiry=2025-06-26 sell=24800 buy=25300 credit=164.45
2025-06-20 09:15:00,BULLISH,Reversal-ReEntry,ENTERED BULL_PUT expiry=2025-06-26 sell=24850 buy=24350 credit=118.75
2025-06-23 09:15:00,BEARISH,Reversal-ReEntry,ENTERED BEAR_CALL expiry=2025-06-26 sell=24950 buy=25450 credit=150.60
2025-06-23 10:45:00,BULLISH,Reversal-ReEntry,ENTERED BULL_PUT expiry=2025-06-26 sell=24950 buy=24450 credit=124.15
2025-06-23 15:20:00,BEARISH,Reversal-ReEntry,ENTERED BEAR_CALL expiry=2025-06-26 sell=24950 buy=25450 credit=147.60
2025-06-24 09:15:00,BULLISH,Reversal-ReEntry,ENTERED BULL_PUT expiry=2025-06-26 sell=25250 buy=24750 credit=105.90
2025-06-24 09:45:00,BEARISH,Reversal-ReEntry,ENTERED BEAR_CALL expiry=2025-06-26 sell=25150 buy=25650 credit=126.75
2025-06-24 10:15:00,BULLISH,Reversal-ReEntry,ENTERED BULL_PUT expiry=2025-06-26 sell=25250 buy=24750 credit=95.65
2025-06-24 12:40:00,BEARISH,Reversal-ReEntry,ENTERED BEAR_CALL expiry=2025-06-26 sell=25200 buy=25700 credit=139.40
2025-06-25 09:15:00,BULLISH,Reversal-ReEntry,ENTERED BULL_PUT expiry=2025-06-26 sell=25150 buy=24650 credit=85.65
2025-06-26 10:40:00,BEARISH,Reversal-ReEntry,ENTERED BEAR_CALL expiry=2025-07-03 sell=25300 buy=25800 credit=185.55
2025-06-26 12:20:00,BULLISH,Reversal-ReEntry,ENTERED BULL_PUT expiry=2025-07-03 sell=25400 buy=24900 credit=131.95
2025-06-30 09:45:00,BEARISH,Reversal-ReEntry,ENTERED BEAR_CALL expiry=2025-07-03 sell=25550 buy=26050 credit=154.85
2025-07-01 09:20:00,BULLISH,Reversal-ReEntry,ENTERED BULL_PUT expiry=2025-07-03 sell=25550 buy=25050 credit=114.55
2025-07-01 10:55:00,BEARISH,Reversal-ReEntry,ENTERED BEAR_CALL expiry=2025-07-03 sell=25500 buy=26000 credit=119.25
2025-07-02 09:15:00,BULLISH,Reversal-ReEntry,ENTERED BULL_PUT expiry=2025-07-03 sell=25600 buy=25100 credit=85.15
2025-07-02 09:40:00,BEARISH,Reversal-ReEntry,ENTERED BEAR_CALL expiry=2025-07-03 sell=25550 buy=26050 credit=80.10
2025-07-02 15:00:00,BULLISH,Reversal-ReEntry,ENTERED BULL_PUT expiry=2025-07-03 sell=25450 buy=24950 credit=67.40
2025-07-03 09:25:00,BEARISH,Reversal-ReEntry,ENTERED BEAR_CALL expiry=2025-07-10 sell=25450 buy=25950 credit=151.20
2025-07-03 09:45:00,BULLISH,Reversal-ReEntry,ENTERED BULL_PUT expiry=2025-07-10 sell=25500 buy=25000 credit=118.65
2025-07-03 12:15:00,BEARISH,Reversal-ReEntry,ENTERED BEAR_CALL expiry=2025-07-10 sell=25500 buy=26000 credit=146.70
2025-07-03 13:35:00,BULLISH,Reversal-ReEntry,ENTERED BULL_PUT expiry=2025-07-10 sell=25550 buy=25050 credit=128.80
2025-07-03 13:55:00,BEARISH,Reversal-ReEntry,ENTERED BEAR_CALL expiry=2025-07-10 sell=25500 buy=26000 credit=153.85
2025-07-04 14:35:00,BULLISH,Reversal-ReEntry,ENTERED BULL_PUT expiry=2025-07-10 sell=25450 buy=24950 credit=129.15
2025-07-09 13:00:00,BEARISH,Reversal-ReEntry,ENTERED BEAR_CALL expiry=2025-07-10 sell=25500 buy=26000 credit=92.90
2025-07-10 13:05:00,BEARISH,Target-ReEntry,ENTERED BEAR_CALL expiry=2025-07-17 sell=25400 buy=25900 credit=136.70
2025-07-14 14:50:00,BULLISH,Reversal-ReEntry,ENTERED BULL_PUT expiry=2025-07-17 sell=25100 buy=24600 credit=98.80
2025-07-15 14:50:00,BEARISH,Reversal-ReEntry,ENTERED BEAR_CALL expiry=2025-07-17 sell=25150 buy=25650 credit=94.25
2025-07-15 15:20:00,BULLISH,Reversal-ReEntry,ENTERED BULL_PUT expiry=2025-07-17 sell=25200 buy=24700 credit=54.55
2025-07-16 09:15:00,BEARISH,Reversal-ReEntry,ENTERED BEAR_CALL expiry=2025-07-17 sell=25150 buy=25650 credit=79.45
2025-07-16 11:50:00,BULLISH,Reversal-ReEntry,ENTERED BULL_PUT expiry=2025-07-17 sell=25200 buy=24700 credit=74.45
2025-07-17 09:45:00,BEARISH,Reversal-ReEntry,ENTERED BEAR_CALL expiry=2025-07-24 sell=25200 buy=25700 credit=123.40
2025-07-18 14:30:00,BULLISH,Reversal-ReEntry,ENTERED BULL_PUT expiry=2025-07-24 sell=25000 buy=24500 credit=99.80
2025-07-21 09:20:00,BEARISH,Reversal-ReEntry,ENTERED BEAR_CALL expiry=2025-07-24 sell=24950 buy=25450 credit=103.30
2025-07-21 09:45:00,BULLISH,Reversal-ReEntry,ENTERED BULL_PUT expiry=2025-07-24 sell=25000 buy=24500 credit=112.95
2025-07-22 10:40:00,BEARISH,Reversal-ReEntry,ENTERED BEAR_CALL expiry=2025-07-24 sell=25100 buy=25600 credit=76.95
2025-07-23 09:15:00,BULLISH,Reversal-ReEntry,ENTERED BULL_PUT expiry=2025-07-24 sell=25150 buy=24650 credit=67.40
2025-07-24 09:45:00,BEARISH,Reversal-ReEntry,ENTERED BEAR_CALL expiry=2025-07-31 sell=25200 buy=25700 credit=123.85
2025-07-24 13:45:00,BULLISH,Reversal-ReEntry,ENTERED BULL_PUT expiry=2025-07-31 sell=25100 buy=24600 credit=109.55
2025-07-25 09:15:00,BEARISH,Reversal-ReEntry,ENTERED BEAR_CALL expiry=2025-07-31 sell=24950 buy=25450 credit=120.50
2025-07-25 09:25:00,BULLISH,Reversal-ReEntry,ENTERED BULL_PUT expiry=2025-07-31 sell=25000 buy=24500 credit=132.55
2025-07-25 10:10:00,BEARISH,Reversal-ReEntry,ENTERED BEAR_CALL expiry=2025-07-31 sell=24900 buy=25400 credit=129.30
2025-07-28 09:30:00,BULLISH,Reversal-ReEntry,ENTERED BULL_PUT expiry=2025-07-31 sell=24850 buy=24350 credit=112.70
2025-07-28 10:45:00,BEARISH,Reversal-ReEntry,ENTERED BEAR_CALL expiry=2025-07-31 sell=24800 buy=25300 credit=117.30
2025-07-29 12:50:00,BULLISH,Reversal-ReEntry,ENTERED BULL_PUT expiry=2025-07-31 sell=24700 buy=24200 credit=69.75
2025-07-31 09:15:00,BEARISH,Reversal-ReEntry,ENTERED BEAR_CALL expiry=2025-08-07 sell=24700 buy=25200 credit=141.20
2025-07-31 11:00:00,BULLISH,Reversal-ReEntry,ENTERED BULL_PUT expiry=2025-08-07 sell=24750 buy=24250 credit=126.00
2025-07-31 14:45:00,BEARISH,Reversal-ReEntry,ENTERED BEAR_CALL expiry=2025-08-07 sell=24850 buy=25350 credit=154.10
2025-08-04 09:15:00,BULLISH,Reversal-ReEntry,ENTERED BULL_PUT expiry=2025-08-07 sell=24650 buy=24150 credit=127.65
2025-08-05 09:35:00,BEARISH,Reversal-ReEntry,ENTERED BEAR_CALL expiry=2025-08-07 sell=24650 buy=25150 credit=115.50
2025-08-07 10:05:00,BEARISH,Target-ReEntry,ENTERED BEAR_CALL expiry=2025-08-14 sell=24450 buy=24950 credit=157.55
2025-08-07 14:10:00,BULLISH,Reversal-ReEntry,ENTERED BULL_PUT expiry=2025-08-14 sell=24450 buy=23950 credit=124.00
2025-08-08 09:25:00,BEARISH,Reversal-ReEntry,ENTERED BEAR_CALL expiry=2025-08-14 sell=24500 buy=25000 credit=161.40
2025-08-11 10:15:00,BULLISH,Reversal-ReEntry,ENTERED BULL_PUT expiry=2025-08-14 sell=24400 buy=23900 credit=90.10
2025-08-12 10:25:00,BEARISH,Reversal-ReEntry,ENTERED BEAR_CALL expiry=2025-08-14 sell=24600 buy=25100 credit=129.20
2025-08-12 12:35:00,BULLISH,Reversal-ReEntry,ENTERED BULL_PUT expiry=2025-08-14 sell=24650 buy=24150 credit=82.20
2025-08-12 14:05:00,BEARISH,Reversal-ReEntry,ENTERED BEAR_CALL expiry=2025-08-14 sell=24550 buy=25050 credit=95.90
2025-08-13 09:15:00,BULLISH,Reversal-ReEntry,ENTERED BULL_PUT expiry=2025-08-14 sell=24550 buy=24050 credit=50.15
2025-08-14 14:00:00,BULLISH,Target-ReEntry,ENTERED BULL_PUT expiry=2025-08-21 sell=24650 buy=24150 credit=104.00
2025-08-18 11:55:00,BEARISH,Reversal-ReEntry,ENTERED BEAR_CALL expiry=2025-08-21 sell=24900 buy=25400 credit=144.45
2025-08-18 13:05:00,BULLISH,Reversal-ReEntry,ENTERED BULL_PUT expiry=2025-08-21 sell=24950 buy=24450 credit=103.70
2025-08-18 15:05:00,BEARISH,Reversal-ReEntry,ENTERED BEAR_CALL expiry=2025-08-21 sell=24900 buy=25400 credit=118.50
2025-08-19 11:05:00,BULLISH,Reversal-ReEntry,ENTERED BULL_PUT expiry=2025-08-21 sell=24950 buy=24450 credit=76.80
2025-08-19 14:05:00,BEARISH,Reversal-ReEntry,ENTERED BEAR_CALL expiry=2025-08-21 sell=24950 buy=25450 credit=82.60
2025-08-20 10:15:00,BULLISH,Reversal-ReEntry,ENTERED BULL_PUT expiry=2025-08-21 sell=25000 buy=24500 credit=67.90
2025-08-21 12:40:00,BULLISH,Target-ReEntry,ENTERED BULL_PUT expiry=2025-08-28 sell=25100 buy=24600 credit=87.95
2025-08-21 15:05:00,BEARISH,Reversal-ReEntry,ENTERED BEAR_CALL expiry=2025-08-28 sell=25100 buy=25600 credit=130.50
2025-08-25 09:15:00,BULLISH,Reversal-ReEntry,ENTERED BULL_PUT expiry=2025-08-28 sell=24900 buy=24400 credit=73.10
2025-08-25 10:05:00,BEARISH,Reversal-ReEntry,ENTERED BEAR_CALL expiry=2025-08-28 sell=24900 buy=25400 credit=104.70
2025-08-25 11:55:00,BULLISH,Reversal-ReEntry,ENTERED BULL_PUT expiry=2025-08-28 sell=24950 buy=24450 credit=64.75
2025-08-25 15:10:00,BEARISH,Reversal-ReEntry,ENTERED BEAR_CALL expiry=2025-08-28 sell=24950 buy=25450 credit=94.35
2025-08-28 09:15:00,BEARISH,Target-ReEntry,ENTERED BEAR_CALL expiry=2025-09-02 sell=24600 buy=25100 credit=129.25
2025-08-28 09:50:00,BULLISH,Reversal-ReEntry,ENTERED BULL_PUT expiry=2025-09-02 sell=24600 buy=24100 credit=101.30
2025-08-28 12:20:00,BEARISH,Reversal-ReEntry,ENTERED BEAR_CALL expiry=2025-09-02 sell=24600 buy=25100 credit=122.85
2025-08-29 11:10:00,BULLISH,Reversal-ReEntry,ENTERED BULL_PUT expiry=2025-09-02 sell=24550 buy=24050 credit=77.05
2025-08-29 13:55:00,BEARISH,Reversal-ReEntry,ENTERED BEAR_CALL expiry=2025-09-02 sell=24500 buy=25000 credit=95.40
2025-09-01 09:15:00,BULLISH,Reversal-ReEntry,ENTERED BULL_PUT expiry=2025-09-02 sell=24500 buy=24000 credit=51.70
2025-09-02 10:20:00,BULLISH,Target-ReEntry,ENTERED BULL_PUT expiry=2025-09-09 sell=24700 buy=24200 credit=81.10
2025-09-02 13:20:00,BEARISH,Reversal-ReEntry,ENTERED BEAR_CALL expiry=2025-09-09 sell=24700 buy=25200 credit=141.40
2025-09-03 12:10:00,BULLISH,Reversal-ReEntry,ENTERED BULL_PUT expiry=2025-09-09 sell=24650 buy=24150 credit=109.30
2025-09-04 10:10:00,BEARISH,Reversal-ReEntry,ENTERED BEAR_CALL expiry=2025-09-09 sell=24850 buy=25350 credit=119.15
2025-09-05 09:15:00,BULLISH,Reversal-ReEntry,ENTERED BULL_PUT expiry=2025-09-09 sell=24850 buy=24350 credit=95.25
2025-09-05 10:10:00,BEARISH,Reversal-ReEntry,ENTERED BEAR_CALL expiry=2025-09-09 sell=24700 buy=25200 credit=115.90
2025-09-05 13:45:00,BULLISH,Reversal-ReEntry,ENTERED BULL_PUT expiry=2025-09-09 sell=24750 buy=24250 credit=81.05
2025-09-08 14:45:00,BEARISH,Reversal-ReEntry,ENTERED BEAR_CALL expiry=2025-09-09 sell=24800 buy=25300 credit=99.30
2025-09-09 09:15:00,BULLISH,Reversal-ReEntry,ENTERED BULL_PUT expiry=2025-09-16 sell=24850 buy=24350 credit=89.15
2025-09-10 13:15:00,BEARISH,Reversal-ReEntry,ENTERED BEAR_CALL expiry=2025-09-16 sell=24950 buy=25450 credit=129.10
2025-09-11 09:15:00,BULLISH,Reversal-ReEntry,ENTERED BULL_PUT expiry=2025-09-16 sell=25000 buy=24500 credit=92.75
2025-09-15 10:05:00,BEARISH,Reversal-ReEntry,ENTERED BEAR_CALL expiry=2025-09-16 sell=25050 buy=25550 credit=89.20
2025-09-16 09:20:00,BULLISH,Reversal-ReEntry,ENTERED BULL_PUT expiry=2025-09-23 sell=25100 buy=24600 credit=92.05
2025-09-18 12:40:00,BEARISH,Reversal-ReEntry,ENTERED BEAR_CALL expiry=2025-09-23 sell=25400 buy=25900 credit=100.20
2025-09-18 14:55:00,BULLISH,Reversal-ReEntry,ENTERED BULL_PUT expiry=2025-09-23 sell=25400 buy=24900 credit=55.55
2025-09-19 09:20:00,BEARISH,Reversal-ReEntry,ENTERED BEAR_CALL expiry=2025-09-23 sell=25350 buy=25850 credit=89.80
2025-09-19 14:00:00,BULLISH,Reversal-ReEntry,ENTERED BULL_PUT expiry=2025-09-23 sell=25350 buy=24850 credit=53.75
2025-09-22 09:15:00,BEARISH,Reversal-ReEntry,ENTERED BEAR_CALL expiry=2025-09-23 sell=25250 buy=25750 credit=74.20
2025-09-22 09:30:00,BULLISH,Reversal-ReEntry,ENTERED BULL_PUT expiry=2025-09-23 sell=25300 buy=24800 credit=53.60
2025-09-22 13:55:00,BEARISH,Reversal-ReEntry,ENTERED BEAR_CALL expiry=2025-09-23 sell=25250 buy=25750 credit=85.80
2025-09-23 09:15:00,BULLISH,Reversal-ReEntry,ENTERED BULL_PUT expiry=2025-09-30 sell=25250 buy=24750 credit=94.50
2025-09-23 09:30:00,BEARISH,Reversal-ReEntry,ENTERED BEAR_CALL expiry=2025-09-30 sell=25150 buy=25650 credit=160.30
2025-09-23 12:30:00,BULLISH,Reversal-ReEntry,ENTERED BULL_PUT expiry=2025-09-30 sell=25200 buy=24700 credit=96.80
2025-09-23 15:00:00,BEARISH,Reversal-ReEntry,ENTERED BEAR_CALL expiry=2025-09-30 sell=25200 buy=25700 credit=150.00
2025-09-24 13:00:00,BULLISH,Reversal-ReEntry,ENTERED BULL_PUT expiry=2025-09-30 sell=25100 buy=24600 credit=67.05
2025-09-24 14:40:00,BEARISH,Reversal-ReEntry,ENTERED BEAR_CALL expiry=2025-09-30 sell=25050 buy=25550 credit=153.95
2025-09-29 09:15:00,BEARISH,Target-ReEntry,ENTERED BEAR_CALL expiry=2025-09-30 sell=24650 buy=25150 credit=138.95
2025-09-29 09:25:00,BULLISH,Reversal-ReEntry,ENTERED BULL_PUT expiry=2025-09-30 sell=24700 buy=24200 credit=48.55
2025-09-29 11:30:00,BEARISH,Reversal-ReEntry,ENTERED BEAR_CALL expiry=2025-09-30 sell=24700 buy=25200 credit=105.65
2025-09-29 13:20:00,BULLISH,Reversal-ReEntry,ENTERED BULL_PUT expiry=2025-09-30 sell=24700 buy=24200 credit=53.60
2025-09-29 15:00:00,BEARISH,Reversal-ReEntry,ENTERED BEAR_CALL expiry=2025-09-30 sell=24600 buy=25100 credit=111.90
2025-09-30 09:15:00,BULLISH,Reversal-ReEntry,ENTERED BULL_PUT expiry=2025-10-07 sell=24700 buy=24200 credit=92.60
2025-09-30 10:25:00,BEARISH,Reversal-ReEntry,ENTERED BEAR_CALL expiry=2025-10-07 sell=24600 buy=25100 credit=179.65
2025-10-01 09:45:00,BULLISH,Reversal-ReEntry,ENTERED BULL_PUT expiry=2025-10-07 sell=24700 buy=24200 credit=98.05
2025-10-03 09:25:00,BEARISH,Reversal-ReEntry,ENTERED BEAR_CALL expiry=2025-10-07 sell=24800 buy=25300 credit=90.50
2025-10-03 14:35:00,BULLISH,Reversal-ReEntry,ENTERED BULL_PUT expiry=2025-10-07 sell=24850 buy=24350 credit=62.70
2025-10-07 09:15:00,BULLISH,Target-ReEntry,ENTERED BULL_PUT expiry=2025-10-14 sell=25100 buy=24600 credit=81.65
2025-10-07 11:20:00,BEARISH,Reversal-ReEntry,ENTERED BEAR_CALL expiry=2025-10-14 sell=25100 buy=25600 credit=158.25
2025-10-07 13:00:00,BULLISH,Reversal-ReEntry,ENTERED BULL_PUT expiry=2025-10-14 sell=25200 buy=24700 credit=94.80
2025-10-07 14:35:00,BEARISH,Reversal-ReEntry,ENTERED BEAR_CALL expiry=2025-10-14 sell=25150 buy=25650 credit=122.90
2025-10-08 09:20:00,BULLISH,Reversal-ReEntry,ENTERED BULL_PUT expiry=2025-10-14 sell=25150 buy=24650 credit=81.95
2025-10-08 10:50:00,BEARISH,Reversal-ReEntry,ENTERED BEAR_CALL expiry=2025-10-14 sell=25100 buy=25600 credit=124.60
2025-10-08 13:05:00,BULLISH,Reversal-ReEntry,ENTERED BULL_PUT expiry=2025-10-14 sell=25100 buy=24600 credit=92.80
2025-10-08 15:10:00,BEARISH,Reversal-ReEntry,ENTERED BEAR_CALL expiry=2025-10-14 sell=25050 buy=25550 credit=96.70
2025-10-09 09:25:00,BULLISH,Reversal-ReEntry,ENTERED BULL_PUT expiry=2025-10-14 sell=25100 buy=24600 credit=79.60
2025-10-13 09:15:00,BEARISH,Reversal-ReEntry,ENTERED BEAR_CALL expiry=2025-10-14 sell=25200 buy=25700 credit=98.20
2025-10-13 14:25:00,BULLISH,Reversal-ReEntry,ENTERED BULL_PUT expiry=2025-10-14 sell=25250 buy=24750 credit=54.65
2025-10-14 09:50:00,BEARISH,Reversal-ReEntry,ENTERED BEAR_CALL expiry=2025-10-20 sell=25200 buy=25700 credit=172.40
2025-10-14 14:30:00,BULLISH,Reversal-ReEntry,ENTERED BULL_PUT expiry=2025-10-20 sell=25150 buy=24650 credit=100.85
2025-10-17 09:30:00,BULLISH,Target-ReEntry,ENTERED BULL_PUT expiry=2025-10-20 sell=25600 buy=25100 credit=71.90
2025-10-17 12:50:00,BEARISH,Reversal-ReEntry,ENTERED BEAR_CALL expiry=2025-10-20 sell=25700 buy=26200 credit=103.20
2025-10-17 14:35:00,BULLISH,Reversal-ReEntry,ENTERED BULL_PUT expiry=2025-10-20 sell=25750 buy=25250 credit=77.15
2025-10-20 12:40:00,BULLISH,Target-ReEntry,ENTERED BULL_PUT expiry=2025-10-28 sell=25850 buy=25350 credit=96.35
2025-10-23 13:55:00,BEARISH,Reversal-ReEntry,ENTERED BEAR_CALL expiry=2025-10-28 sell=26000 buy=26500 credit=144.75
2025-10-27 09:15:00,BULLISH,Reversal-ReEntry,ENTERED BULL_PUT expiry=2025-10-28 sell=25850 buy=25350 credit=48.85
2025-10-28 10:00:00,BEARISH,Reversal-ReEntry,ENTERED BEAR_CALL expiry=2025-11-04 sell=25950 buy=26450 credit=187.50
2025-10-28 12:40:00,BULLISH,Reversal-ReEntry,ENTERED BULL_PUT expiry=2025-11-04 sell=25950 buy=25450 credit=129.10
2025-10-28 14:00:00,BEARISH,Reversal-ReEntry,ENTERED BEAR_CALL expiry=2025-11-04 sell=25850 buy=26350 credit=191.20
2025-10-28 15:00:00,BULLISH,Reversal-ReEntry,ENTERED BULL_PUT expiry=2025-11-04 sell=25900 buy=25400 credit=112.40
2025-10-30 09:15:00,BEARISH,Reversal-ReEntry,ENTERED BEAR_CALL expiry=2025-11-04 sell=26000 buy=26500 credit=138.55
2025-10-31 09:30:00,BULLISH,Reversal-ReEntry,ENTERED BULL_PUT expiry=2025-11-04 sell=25950 buy=25450 credit=97.20
2025-10-31 10:15:00,BEARISH,Reversal-ReEntry,ENTERED BEAR_CALL expiry=2025-11-04 sell=25850 buy=26350 credit=128.05
2025-11-03 09:45:00,BULLISH,Reversal-ReEntry,ENTERED BULL_PUT expiry=2025-11-04 sell=25750 buy=25250 credit=78.35
2025-11-04 09:30:00,BEARISH,Reversal-ReEntry,ENTERED BEAR_CALL expiry=2025-11-11 sell=25700 buy=26200 credit=160.00
2025-11-06 09:15:00,BULLISH,Reversal-ReEntry,ENTERED BULL_PUT expiry=2025-11-11 sell=25650 buy=25150 credit=87.10
2025-11-06 10:05:00,BEARISH,Reversal-ReEntry,ENTERED BEAR_CALL expiry=2025-11-11 sell=25550 buy=26050 credit=165.85
2025-11-06 12:50:00,BULLISH,Reversal-ReEntry,ENTERED BULL_PUT expiry=2025-11-11 sell=25600 buy=25100 credit=93.65
2025-11-06 13:50:00,BEARISH,Reversal-ReEntry,ENTERED BEAR_CALL expiry=2025-11-11 sell=25500 buy=26000 credit=133.15
2025-11-07 11:15:00,BULLISH,Reversal-ReEntry,ENTERED BULL_PUT expiry=2025-11-11 sell=25400 buy=24900 credit=71.35
2025-11-10 15:05:00,BEARISH,Reversal-ReEntry,ENTERED BEAR_CALL expiry=2025-11-11 sell=25600 buy=26100 credit=72.15
2025-11-11 11:50:00,BULLISH,Reversal-ReEntry,ENTERED BULL_PUT expiry=2025-11-18 sell=25550 buy=25050 credit=125.00
2025-11-12 15:20:00,BEARISH,Reversal-ReEntry,ENTERED BEAR_CALL expiry=2025-11-18 sell=25850 buy=26350 credit=164.95
2025-11-13 10:05:00,BULLISH,Reversal-ReEntry,ENTERED BULL_PUT expiry=2025-11-18 sell=25900 buy=25400 credit=98.85
2025-11-13 13:55:00,BEARISH,Reversal-ReEntry,ENTERED BEAR_CALL expiry=2025-11-18 sell=25950 buy=26450 credit=145.50
2025-11-14 09:30:00,BULLISH,Reversal-ReEntry,ENTERED BULL_PUT expiry=2025-11-18 sell=25900 buy=25400 credit=121.30
2025-11-14 10:00:00,BEARISH,Reversal-ReEntry,ENTERED BEAR_CALL expiry=2025-11-18 sell=25750 buy=26250 credit=161.05
2025-11-14 10:55:00,BULLISH,Reversal-ReEntry,ENTERED BULL_PUT expiry=2025-11-18 sell=25850 buy=25350 credit=92.25
2025-11-14 13:35:00,BEARISH,Reversal-ReEntry,ENTERED BEAR_CALL expiry=2025-11-18 sell=25750 buy=26250 credit=159.05
2025-11-14 15:00:00,BULLISH,Reversal-ReEntry,ENTERED BULL_PUT expiry=2025-11-18 sell=25900 buy=25400 credit=114.10
2025-11-18 09:15:00,BEARISH,Reversal-ReEntry,ENTERED BEAR_CALL expiry=2025-11-25 sell=25950 buy=26450 credit=152.80
2025-11-18 11:40:00,BULLISH,Reversal-ReEntry,ENTERED BULL_PUT expiry=2025-11-25 sell=25950 buy=25450 credit=122.15
2025-11-18 15:00:00,BEARISH,Reversal-ReEntry,ENTERED BEAR_CALL expiry=2025-11-25 sell=25900 buy=26400 credit=168.55
2025-11-19 10:10:00,BULLISH,Reversal-ReEntry,ENTERED BULL_PUT expiry=2025-11-25 sell=25950 buy=25450 credit=117.80
2025-11-21 09:15:00,BEARISH,Reversal-ReEntry,ENTERED BEAR_CALL expiry=2025-11-25 sell=26150 buy=26650 credit=101.65
2025-11-21 12:15:00,BULLISH,Reversal-ReEntry,ENTERED BULL_PUT expiry=2025-11-25 sell=26150 buy=25650 credit=100.40
2025-11-21 13:20:00,BEARISH,Reversal-ReEntry,ENTERED BEAR_CALL expiry=2025-11-25 sell=26100 buy=26600 credit=112.55
2025-11-24 10:10:00,BULLISH,Reversal-ReEntry,ENTERED BULL_PUT expiry=2025-11-25 sell=26150 buy=25650 credit=76.15
2025-11-24 11:50:00,BEARISH,Reversal-ReEntry,ENTERED BEAR_CALL expiry=2025-11-25 sell=26050 buy=26550 credit=109.10
2025-11-25 10:05:00,BULLISH,Reversal-ReEntry,ENTERED BULL_PUT expiry=2025-12-02 sell=26000 buy=25500 credit=115.35
2025-11-25 10:55:00,BEARISH,Reversal-ReEntry,ENTERED BEAR_CALL expiry=2025-12-02 sell=25950 buy=26450 credit=168.75
2025-11-25 13:05:00,BULLISH,Reversal-ReEntry,ENTERED BULL_PUT expiry=2025-12-02 sell=26000 buy=25500 credit=120.65
2025-11-25 14:35:00,BEARISH,Reversal-ReEntry,ENTERED BEAR_CALL expiry=2025-12-02 sell=25950 buy=26450 credit=159.20
2025-11-26 09:15:00,BULLISH,Reversal-ReEntry,ENTERED BULL_PUT expiry=2025-12-02 sell=25950 buy=25450 credit=85.80
2025-11-27 12:20:00,BEARISH,Reversal-ReEntry,ENTERED BEAR_CALL expiry=2025-12-02 sell=26200 buy=26700 credit=134.55
2025-11-27 14:35:00,BULLISH,Reversal-ReEntry,ENTERED BULL_PUT expiry=2025-12-02 sell=26200 buy=25700 credit=83.95
2025-11-28 14:10:00,BEARISH,Reversal-ReEntry,ENTERED BEAR_CALL expiry=2025-12-02 sell=26200 buy=26700 credit=101.75
2025-12-01 09:15:00,BULLISH,Reversal-ReEntry,ENTERED BULL_PUT expiry=2025-12-02 sell=26300 buy=25800 credit=65.25
2025-12-01 10:50:00,BEARISH,Reversal-ReEntry,ENTERED BEAR_CALL expiry=2025-12-02 sell=26250 buy=26750 credit=81.75
2025-12-02 11:15:00,BEARISH,Target-ReEntry,ENTERED BEAR_CALL expiry=2025-12-09 sell=26100 buy=26600 credit=153.10
2025-12-03 14:55:00,BULLISH,Reversal-ReEntry,ENTERED BULL_PUT expiry=2025-12-09 sell=26000 buy=25500 credit=114.20
2025-12-04 11:50:00,BEARISH,Reversal-ReEntry,ENTERED BEAR_CALL expiry=2025-12-09 sell=26000 buy=26500 credit=130.55
2025-12-04 14:55:00,BULLISH,Reversal-ReEntry,ENTERED BULL_PUT expiry=2025-12-09 sell=26050 buy=25550 credit=92.35
2025-12-08 09:35:00,BEARISH,Reversal-ReEntry,ENTERED BEAR_CALL expiry=2025-12-09 sell=26100 buy=26600 credit=92.65
2025-12-09 09:20:00,BEARISH,Target-ReEntry,ENTERED BEAR_CALL expiry=2025-12-16 sell=25850 buy=26350 credit=139.60
2025-12-09 10:15:00,BULLISH,Reversal-ReEntry,ENTERED BULL_PUT expiry=2025-12-16 sell=25850 buy=25350 credit=122.60
2025-12-09 14:20:00,BEARISH,Reversal-ReEntry,ENTERED BEAR_CALL expiry=2025-12-16 sell=25800 buy=26300 credit=172.50
2025-12-10 09:30:00,BULLISH,Reversal-ReEntry,ENTERED BULL_PUT expiry=2025-12-16 sell=25900 buy=25400 credit=104.15
2025-12-10 10:55:00,BEARISH,Reversal-ReEntry,ENTERED BEAR_CALL expiry=2025-12-16 sell=25850 buy=26350 credit=133.00
2025-12-11 10:10:00,BULLISH,Reversal-ReEntry,ENTERED BULL_PUT expiry=2025-12-16 sell=25800 buy=25300 credit=103.35
2025-12-15 09:15:00,BEARISH,Reversal-ReEntry,ENTERED BEAR_CALL expiry=2025-12-16 sell=25950 buy=26450 credit=78.35
2025-12-15 10:45:00,BULLISH,Reversal-ReEntry,ENTERED BULL_PUT expiry=2025-12-16 sell=26000 buy=25500 credit=82.35
2025-12-16 09:15:00,BEARISH,Reversal-ReEntry,ENTERED BEAR_CALL expiry=2025-12-23 sell=25950 buy=26450 credit=142.50
2025-12-17 09:20:00,BULLISH,Reversal-ReEntry,ENTERED BULL_PUT expiry=2025-12-23 sell=25900 buy=25400 credit=100.60
2025-12-17 10:00:00,BEARISH,Reversal-ReEntry,ENTERED BEAR_CALL expiry=2025-12-23 sell=25850 buy=26350 credit=137.15
2025-12-18 10:15:00,BULLISH,Reversal-ReEntry,ENTERED BULL_PUT expiry=2025-12-23 sell=25800 buy=25300 credit=88.75
2025-12-18 14:00:00,BEARISH,Reversal-ReEntry,ENTERED BEAR_CALL expiry=2025-12-23 sell=25850 buy=26350 credit=105.10
2025-12-19 09:15:00,BULLISH,Reversal-ReEntry,ENTERED BULL_PUT expiry=2025-12-23 sell=25950 buy=25450 credit=97.65
2025-12-23 09:15:00,BULLISH,Target-ReEntry,ENTERED BULL_PUT expiry=2025-12-30 sell=26150 buy=25650 credit=80.55
2025-12-23 14:40:00,BEARISH,Reversal-ReEntry,ENTERED BEAR_CALL expiry=2025-12-30 sell=26150 buy=26650 credit=154.55
2025-12-24 09:30:00,BULLISH,Reversal-ReEntry,ENTERED BULL_PUT expiry=2025-12-30 sell=26200 buy=25700 credit=74.75
2025-12-24 13:20:00,BEARISH,Reversal-ReEntry,ENTERED BEAR_CALL expiry=2025-12-30 sell=26150 buy=26650 credit=118.55
2025-12-29 09:30:00,BULLISH,Reversal-ReEntry,ENTERED BULL_PUT expiry=2025-12-30 sell=26050 buy=25550 credit=41.05
2025-12-29 10:00:00,BEARISH,Reversal-ReEntry,ENTERED BEAR_CALL expiry=2025-12-30 sell=26050 buy=26550 credit=44.60
2025-12-30 09:40:00,BULLISH,Reversal-ReEntry,ENTERED BULL_PUT expiry=2026-01-06 sell=25950 buy=25450 credit=98.16
2025-12-30 11:25:00,BEARISH,Reversal-ReEntry,ENTERED BEAR_CALL expiry=2026-01-06 sell=25900 buy=26400 credit=146.65
2025-12-30 13:45:00,BULLISH,Reversal-ReEntry,ENTERED BULL_PUT expiry=2026-01-06 sell=25950 buy=25450 credit=80.30
2025-12-31 15:10:00,BEARISH,Reversal-ReEntry,ENTERED BEAR_CALL expiry=2026-01-06 sell=26100 buy=26600 credit=142.45
2026-01-01 09:25:00,BULLISH,Reversal-ReEntry,ENTERED BULL_PUT expiry=2026-01-06 sell=26200 buy=25700 credit=92.50
2026-01-01 12:05:00,BEARISH,Reversal-ReEntry,ENTERED BEAR_CALL expiry=2026-01-06 sell=26150 buy=26650 credit=88.30
2026-01-02 09:20:00,BULLISH,Reversal-ReEntry,ENTERED BULL_PUT expiry=2026-01-06 sell=26200 buy=25700 credit=64.79
2026-01-05 09:30:00,BEARISH,Reversal-ReEntry,ENTERED BEAR_CALL expiry=2026-01-06 sell=26250 buy=26750 credit=89.10
2026-01-05 10:05:00,BULLISH,Reversal-ReEntry,ENTERED BULL_PUT expiry=2026-01-06 sell=26350 buy=25850 credit=78.80
2026-01-05 13:25:00,BEARISH,Reversal-ReEntry,ENTERED BEAR_CALL expiry=2026-01-06 sell=26300 buy=26800 credit=53.10
2026-01-05 14:55:00,BULLISH,Reversal-ReEntry,ENTERED BULL_PUT expiry=2026-01-06 sell=26300 buy=25800 credit=81.65
2026-01-06 09:15:00,BEARISH,Reversal-ReEntry,ENTERED BEAR_CALL expiry=2026-01-13 sell=26200 buy=26700 credit=169.25
2026-01-06 09:55:00,BULLISH,Reversal-ReEntry,ENTERED BULL_PUT expiry=2026-01-13 sell=26250 buy=25750 credit=95.10
2026-01-06 11:10:00,BEARISH,Reversal-ReEntry,ENTERED BEAR_CALL expiry=2026-01-13 sell=26200 buy=26700 credit=140.70
2026-01-07 11:00:00,BULLISH,Reversal-ReEntry,ENTERED BULL_PUT expiry=2026-01-13 sell=26200 buy=25700 credit=97.85
2026-01-07 12:15:00,BEARISH,Reversal-ReEntry,ENTERED BEAR_CALL expiry=2026-01-13 sell=26100 buy=26600 credit=121.65
2026-01-07 15:05:00,BULLISH,Reversal-ReEntry,ENTERED BULL_PUT expiry=2026-01-13 sell=26150 buy=25650 credit=86.00
2026-01-08 09:25:00,BEARISH,Reversal-ReEntry,ENTERED BEAR_CALL expiry=2026-01-13 sell=26050 buy=26550 credit=119.35
2026-01-09 09:15:00,BULLISH,Reversal-ReEntry,ENTERED BULL_PUT expiry=2026-01-13 sell=25950 buy=25450 credit=93.70
2026-01-09 10:55:00,BEARISH,Reversal-ReEntry,ENTERED BEAR_CALL expiry=2026-01-13 sell=25800 buy=26300 credit=127.35
2026-01-12 11:20:00,BEARISH,Target-ReEntry,ENTERED BEAR_CALL expiry=2026-01-13 sell=25500 buy=26000 credit=86.60
2026-01-12 12:10:00,BULLISH,Reversal-ReEntry,ENTERED BULL_PUT expiry=2026-01-13 sell=25600 buy=25100 credit=109.75
2026-01-13 09:15:00,BULLISH,Target-ReEntry,ENTERED BULL_PUT expiry=2026-01-20 sell=25850 buy=25350 credit=111.79
2026-01-13 09:25:00,BEARISH,Reversal-ReEntry,ENTERED BEAR_CALL expiry=2026-01-20 sell=25750 buy=26250 credit=180.95
2026-01-13 14:50:00,BULLISH,Reversal-ReEntry,ENTERED BULL_PUT expiry=2026-01-20 sell=25700 buy=25200 credit=110.50
2026-01-14 13:35:00,BEARISH,Reversal-ReEntry,ENTERED BEAR_CALL expiry=2026-01-20 sell=25650 buy=26150 credit=147.80
2026-01-16 09:15:00,BULLISH,Reversal-ReEntry,ENTERED BULL_PUT expiry=2026-01-20 sell=25750 buy=25250 credit=106.35
2026-01-16 12:25:00,BEARISH,Reversal-ReEntry,ENTERED BEAR_CALL expiry=2026-01-20 sell=25750 buy=26250 credit=153.75
2026-01-19 14:00:00,BULLISH,Reversal-ReEntry,ENTERED BULL_PUT expiry=2026-01-20 sell=25600 buy=25100 credit=62.34
2026-01-20 09:20:00,BEARISH,Reversal-ReEntry,ENTERED BEAR_CALL expiry=2026-01-27 sell=25500 buy=26000 credit=167.10
2026-01-21 11:15:00,BULLISH,Reversal-ReEntry,ENTERED BULL_PUT expiry=2026-01-27 sell=25100 buy=24600 credit=126.15
2026-01-21 13:50:00,BEARISH,Reversal-ReEntry,ENTERED BEAR_CALL expiry=2026-01-27 sell=25150 buy=25650 credit=170.85
2026-01-22 09:15:00,BULLISH,Reversal-ReEntry,ENTERED BULL_PUT expiry=2026-01-27 sell=25300 buy=24800 credit=95.05
2026-01-22 10:25:00,BEARISH,Reversal-ReEntry,ENTERED BEAR_CALL expiry=2026-01-27 sell=25300 buy=25800 credit=156.20
2026-01-22 14:45:00,BULLISH,Reversal-ReEntry,ENTERED BULL_PUT expiry=2026-01-27 sell=25300 buy=24800 credit=96.00
2026-01-23 11:45:00,BEARISH,Reversal-ReEntry,ENTERED BEAR_CALL expiry=2026-01-27 sell=25200 buy=25700 credit=123.70
2026-01-27 09:35:00,BULLISH,Reversal-ReEntry,ENTERED BULL_PUT expiry=2026-02-03 sell=25100 buy=24600 credit=174.45
2026-01-27 10:40:00,BEARISH,Reversal-ReEntry,ENTERED BEAR_CALL expiry=2026-02-03 sell=25050 buy=25550 credit=227.25
2026-01-27 11:40:00,BULLISH,Reversal-ReEntry,ENTERED BULL_PUT expiry=2026-02-03 sell=25150 buy=24650 credit=164.55
2026-01-28 13:40:00,BEARISH,Reversal-ReEntry,ENTERED BEAR_CALL expiry=2026-02-03 sell=25200 buy=25700 credit=188.40
2026-01-28 14:55:00,BULLISH,Reversal-ReEntry,ENTERED BULL_PUT expiry=2026-02-03 sell=25300 buy=24800 credit=130.85
2026-01-29 09:35:00,BEARISH,Reversal-ReEntry,ENTERED BEAR_CALL expiry=2026-02-03 sell=25250 buy=25750 credit=171.40
2026-01-29 11:20:00,BULLISH,Reversal-ReEntry,ENTERED BULL_PUT expiry=2026-02-03 sell=25300 buy=24800 credit=147.00
2026-01-30 09:15:00,BEARISH,Reversal-ReEntry,ENTERED BEAR_CALL expiry=2026-02-03 sell=25250 buy=25750 credit=165.95
2026-01-30 13:50:00,BULLISH,Reversal-ReEntry,ENTERED BULL_PUT expiry=2026-02-03 sell=25350 buy=24850 credit=160.70
2026-02-01 11:40:00,BEARISH,Reversal-ReEntry,ENTERED BEAR_CALL expiry=2026-02-03 sell=25300 buy=25800 credit=179.70
2026-02-01 12:35:00,BULLISH,Reversal-ReEntry,ENTERED BULL_PUT expiry=2026-02-03 sell=25000 buy=24500 credit=198.60
2026-02-01 14:45:00,BEARISH,Reversal-ReEntry,ENTERED BEAR_CALL expiry=2026-02-03 sell=24950 buy=25450 credit=179.10
2026-02-02 09:50:00,BULLISH,Reversal-ReEntry,ENTERED BULL_PUT expiry=2026-02-03 sell=24950 buy=24450 credit=162.35
2026-02-02 11:05:00,BEARISH,Reversal-ReEntry,ENTERED BEAR_CALL expiry=2026-02-03 sell=24700 buy=25200 credit=139.30
2026-02-02 11:40:00,BULLISH,Reversal-ReEntry,ENTERED BULL_PUT expiry=2026-02-03 sell=24850 buy=24350 credit=114.80
2026-02-03 09:15:00,BEARISH,Reversal-ReEntry,ENTERED BEAR_CALL expiry=2026-02-10 sell=25800 buy=26300 credit=131.30
2026-02-04 14:15:00,BULLISH,Reversal-ReEntry,ENTERED BULL_PUT expiry=2026-02-10 sell=25800 buy=25300 credit=114.95
2026-02-05 09:20:00,BEARISH,Reversal-ReEntry,ENTERED BEAR_CALL expiry=2026-02-10 sell=25700 buy=26200 credit=130.70
2026-02-06 11:30:00,BULLISH,Reversal-ReEntry,ENTERED BULL_PUT expiry=2026-02-10 sell=25600 buy=25100 credit=99.95
2026-02-06 12:30:00,BEARISH,Reversal-ReEntry,ENTERED BEAR_CALL expiry=2026-02-10 sell=25550 buy=26050 credit=107.75
2026-02-06 14:35:00,BULLISH,Reversal-ReEntry,ENTERED BULL_PUT expiry=2026-02-10 sell=25650 buy=25150 credit=103.90
2026-02-10 09:15:00,BULLISH,Target-ReEntry,ENTERED BULL_PUT expiry=2026-02-17 sell=25900 buy=25400 credit=101.75
2026-02-10 13:45:00,BEARISH,Reversal-ReEntry,ENTERED BEAR_CALL expiry=2026-02-17 sell=25900 buy=26400 credit=154.65
2026-02-11 09:15:00,BULLISH,Reversal-ReEntry,ENTERED BULL_PUT expiry=2026-02-17 sell=26000 buy=25500 credit=99.40
2026-02-11 10:00:00,BEARISH,Reversal-ReEntry,ENTERED BEAR_CALL expiry=2026-02-17 sell=25900 buy=26400 credit=151.85
2026-02-13 12:30:00,BULLISH,Reversal-ReEntry,ENTERED BULL_PUT expiry=2026-02-17 sell=25600 buy=25100 credit=89.65
2026-02-13 13:45:00,BEARISH,Reversal-ReEntry,ENTERED BEAR_CALL expiry=2026-02-17 sell=25500 buy=26000 credit=122.60
2026-02-16 09:30:00,BULLISH,Reversal-ReEntry,ENTERED BULL_PUT expiry=2026-02-17 sell=25500 buy=25000 credit=77.90
2026-02-16 09:45:00,BEARISH,Reversal-ReEntry,ENTERED BEAR_CALL expiry=2026-02-17 sell=25450 buy=25950 credit=88.40
2026-02-16 10:10:00,BULLISH,Reversal-ReEntry,ENTERED BULL_PUT expiry=2026-02-17 sell=25550 buy=25050 credit=86.75
2026-02-17 09:15:00,BEARISH,Reversal-ReEntry,ENTERED BEAR_CALL expiry=2026-02-24 sell=25600 buy=26100 credit=150.50
2026-02-17 10:05:00,BULLISH,Reversal-ReEntry,ENTERED BULL_PUT expiry=2026-02-24 sell=25650 buy=25150 credit=118.55
2026-02-17 14:10:00,BEARISH,Reversal-ReEntry,ENTERED BEAR_CALL expiry=2026-02-24 sell=25650 buy=26150 credit=176.00
2026-02-18 13:20:00,BULLISH,Reversal-ReEntry,ENTERED BULL_PUT expiry=2026-02-24 sell=25750 buy=25250 credit=102.00
2026-02-19 09:35:00,BEARISH,Reversal-ReEntry,ENTERED BEAR_CALL expiry=2026-02-24 sell=25800 buy=26300 credit=116.75
2026-02-20 09:45:00,BULLISH,Reversal-ReEntry,ENTERED BULL_PUT expiry=2026-02-24 sell=25500 buy=25000 credit=103.35
2026-02-20 13:10:00,BEARISH,Reversal-ReEntry,ENTERED BEAR_CALL expiry=2026-02-24 sell=25550 buy=26050 credit=124.90
2026-02-20 14:45:00,BULLISH,Reversal-ReEntry,ENTERED BULL_PUT expiry=2026-02-24 sell=25650 buy=25150 credit=95.30
2026-02-23 10:45:00,BEARISH,Reversal-ReEntry,ENTERED BEAR_CALL expiry=2026-02-24 sell=25650 buy=26150 credit=98.55
2026-02-23 15:00:00,BULLISH,Reversal-ReEntry,ENTERED BULL_PUT expiry=2026-02-24 sell=25700 buy=25200 credit=75.50
2026-02-24 09:15:00,BEARISH,Reversal-ReEntry,ENTERED BEAR_CALL expiry=2026-03-02 sell=25550 buy=26050 credit=187.90
2026-02-24 15:20:00,BULLISH,Reversal-ReEntry,ENTERED BULL_PUT expiry=2026-03-02 sell=25450 buy=24950 credit=124.25
2026-02-25 12:30:00,BEARISH,Reversal-ReEntry,ENTERED BEAR_CALL expiry=2026-03-02 sell=25550 buy=26050 credit=159.00
2026-02-26 09:15:00,BULLISH,Reversal-ReEntry,ENTERED BULL_PUT expiry=2026-03-02 sell=25550 buy=25050 credit=88.00
2026-02-26 11:40:00,BEARISH,Reversal-ReEntry,ENTERED BEAR_CALL expiry=2026-03-02 sell=25450 buy=25950 credit=144.05
2026-02-26 14:40:00,BULLISH,Reversal-ReEntry,ENTERED BULL_PUT expiry=2026-03-02 sell=25500 buy=25000 credit=98.05
2026-02-27 09:15:00,BEARISH,Reversal-ReEntry,ENTERED BEAR_CALL expiry=2026-03-02 sell=25400 buy=25900 credit=103.80
2026-03-02 09:15:00,BEARISH,Target-ReEntry,ENTERED BEAR_CALL expiry=2026-03-10 sell=24900 buy=25400 credit=196.95
2026-03-02 09:30:00,BULLISH,Reversal-ReEntry,ENTERED BULL_PUT expiry=2026-03-10 sell=24950 buy=24450 credit=140.25
2026-03-02 10:40:00,BEARISH,Reversal-ReEntry,ENTERED BEAR_CALL expiry=2026-03-10 sell=24800 buy=25300 credit=225.95
2026-03-02 14:05:00,BULLISH,Reversal-ReEntry,ENTERED BULL_PUT expiry=2026-03-10 sell=24750 buy=24250 credit=154.25
2026-03-04 09:15:00,BEARISH,Reversal-ReEntry,ENTERED BEAR_CALL expiry=2026-03-10 sell=24400 buy=24900 credit=197.40
2026-03-04 14:05:00,BULLISH,Reversal-ReEntry,ENTERED BULL_PUT expiry=2026-03-10 sell=24500 buy=24000 credit=154.05
2026-03-04 15:15:00,BEARISH,Reversal-ReEntry,ENTERED BEAR_CALL expiry=2026-03-10 sell=24450 buy=24950 credit=224.05
2026-03-05 09:20:00,BULLISH,Reversal-ReEntry,ENTERED BULL_PUT expiry=2026-03-10 sell=24600 buy=24100 credit=152.35
2026-03-06 09:15:00,BEARISH,Reversal-ReEntry,ENTERED BEAR_CALL expiry=2026-03-10 sell=24600 buy=25100 credit=172.55
2026-03-09 11:25:00,BULLISH,Reversal-ReEntry,ENTERED BULL_PUT expiry=2026-03-10 sell=23900 buy=23400 credit=145.85
2026-03-10 10:40:00,BULLISH,Target-ReEntry,ENTERED BULL_PUT expiry=2026-03-17 sell=24200 buy=23700 credit=153.70
2026-03-11 09:50:00,BEARISH,Reversal-ReEntry,ENTERED BEAR_CALL expiry=2026-03-17 sell=24150 buy=24650 credit=214.10
2026-03-12 10:35:00,BULLISH,Reversal-ReEntry,ENTERED BULL_PUT expiry=2026-03-17 sell=23700 buy=23200 credit=158.60
2026-03-12 14:40:00,BEARISH,Reversal-ReEntry,ENTERED BEAR_CALL expiry=2026-03-17 sell=23650 buy=24150 credit=204.95
2026-03-16 11:15:00,BULLISH,Reversal-ReEntry,ENTERED BULL_PUT expiry=2026-03-17 sell=23200 buy=22700 credit=159.50
2026-03-17 10:05:00,BULLISH,Target-ReEntry,FAIL:no_next_expiry
2026-03-17 11:25:00,BEARISH,Flip,FAIL:no_next_expiry
2026-03-17 11:25:00,BEARISH,PendingFlip,FAIL:no_next_expiry
2026-03-17 13:10:00,BULLISH,Flip,FAIL:no_next_expiry
2026-03-17 13:10:00,BULLISH,PendingFlip,FAIL:no_next_expiry
